,Compound,Negative,Neutral,Positive,Tweet,account,tweet ago
0,-0.7096,0.459,0.541,0.0,Schools cutting posts amid 'funding catastrophe' https://t.co/h6ZO7aL1u9,BBC News (UK),1
1,-0.6249,0.687,0.313,0.0,Met Police chief: Social media leads children to violence https://t.co/Fida2XJIeP,BBC News (UK),2
2,0.0,1.0,0.0,0.0,Stansted Airport: Flights to resume after cancellations https://t.co/rF0mxwcD0v,BBC News (UK),3
3,-0.3182,0.777,0.223,0.0,Islamic State 'Beatles' duo: Loss of citizenship 'illegal' https://t.co/bH2fgAMP9T,BBC News (UK),4
4,0.0,1.0,0.0,0.0,Paramedics set to prescribe medicines https://t.co/z4OvUlIAYF,BBC News (UK),5
5,-0.3612,0.762,0.238,0.0,Prof Stephen Hawking Cambridge funeral to take place https://t.co/hqEWEpPFsz,BBC News (UK),6
6,-0.3182,0.813,0.187,0.0,Ray Wilkins: Ex-England captain in critical condition in London hospital https://t.co/pNSHes4sTb,BBC News (UK),7
7,-0.765,0.476,0.524,0.0,Man arrested over fatal stabbing in Birkenhead https://t.co/EHCpcnobfJ,BBC News (UK),8
8,-0.2023,0.565,0.25,0.185,Five arrested after huge drugs haul in Dromore https://t.co/xrJnPpqPL3,BBC News (UK),9
9,-0.1027,0.851,0.149,0.0,Premier League to warn clubs about 'anti-extremist' group https://t.co/JyW8DoIy0l,BBC News (UK),10
10,-0.34,0.745,0.255,0.0,Black Mamba warning after seven Birmingham deaths https://t.co/6SmpDsuB6a,BBC News (UK),11
11,-0.7906,0.462,0.538,0.0,UK soldier killed in Syria fighting IS https://t.co/3zCpLYTcPN,BBC News (UK),12
12,0.0,1.0,0.0,0.0,"Revise seven hours a day over Easter, says education expert https://t.co/ZXMcvIjR9x",BBC News (UK),13
13,-0.25,0.439,0.325,0.237,Legal aid: Barristers to strike over 'relentless cuts' https://t.co/zEXNfDynMk,BBC News (UK),14
14,-0.34,0.714,0.286,0.0,Stansted Airport fire forces terminal evacuation https://t.co/oNBHviigkf,BBC News (UK),15
15,-0.7783,0.595,0.405,0.0,RT @BBCWorld: Vatican: Pope did not say there is no hell https://t.co/k9htWRJoNF,BBC News (UK),16
16,-0.5994,0.692,0.308,0.0,RT @BBCNorthAmerica: Terrifying moment Ohio cop is dragged by drug suspect's car https://t.co/hQ8Gg4fS27,BBC News (UK),17
17,-0.6124,0.615,0.385,0.0,Ofsted school hijab ban stance challenged by teachers' union https://t.co/5QObQmXuqd,BBC News (UK),18
18,-0.1027,0.6,0.22,0.18,Katherine Brewster missing from Brazil meditation retreat https://t.co/bbP7Prt8bn,BBC News (UK),19
19,0.4404,0.707,0.0,0.293,Corbyn: Labour must do better on anti-Semitism https://t.co/raYxYKscPU,BBC News (UK),20
20,0.0,1.0,0.0,0.0,RT @BBCNewsEnts: Fans were moved by #TheRealFullMontyLadiesNight as @vicderbyshire @wonderwomanshel @NolanColeen and more bared all for bre‚Ä¶,BBC News (UK),21
21,0.5598,0.816,0.0,0.184,RT @BBCBusiness: How did flip-flops become so popular? @bbcaaron reveals all about this #milliondollaridea for #TalkingBusiness https://t.c‚Ä¶,BBC News (UK),22
22,0.5719,0.598,0.0,0.402,Final wish granted as dog visits dying owner https://t.co/dOYPmuRPNn,BBC News (UK),23
23,0.0,1.0,0.0,0.0,RT @BBCPolitics: To mark one year to go until #Brexit day we put our #Brexitcast podcast on the telly! One 18 year old Brexitcaster asked u‚Ä¶,BBC News (UK),24
24,0.0,1.0,0.0,0.0,Heartbeat actor Bill Maynard dies at 89 https://t.co/BMeMLwjPpV,BBC News (UK),25
25,-0.7184,0.731,0.269,0.0,"RT @BBCScotlandNews: Hill walkers this Easter weekend have been urged to avoid stressing deer, who may have been weakened by the prolonged‚Ä¶",BBC News (UK),26
26,0.0,1.0,0.0,0.0,RT @BBCWorld: Cathay Pacific ends skirts-only rule for female staff https://t.co/3PTcts8skV,BBC News (UK),27
27,0.0,1.0,0.0,0.0,GKN takeover concerns to be assessed by government https://t.co/xT1LuoZkWR,BBC News (UK),28
28,-0.7707,0.394,0.606,0.0,Manchester attack fire crews 'should not apologise' https://t.co/fI8T0NDRDT,BBC News (UK),29
29,-0.6597,0.732,0.268,0.0,The Real Full Monty: 'Empowering' stars bare all for breast cancer awareness https://t.co/no3zBwB0uM,BBC News (UK),30
30,0.0,1.0,0.0,0.0,"Motorway petrol prices 'exploitative', says Chris Grayling https://t.co/EikzKupliF",BBC News (UK),31
31,-0.6908,0.561,0.439,0.0,Rugby rape trial juror's comments investigated https://t.co/entrSYuz3G,BBC News (UK),32
32,0.34,0.769,0.0,0.231,Delays at Dover after heightened French border security https://t.co/arKvSQIYJ8,BBC News (UK),33
33,-0.2732,0.769,0.231,0.0,New ¬£30m fund to cut rough sleepers https://t.co/QB6X8nJDPJ,BBC News (UK),34
34,-0.3182,0.839,0.161,0.0,New Zealand v England: Jonny Bairstow hits unbeaten 97 as batsmen struggle again https://t.co/Oz854szfBN,BBC News (UK),35
35,-0.5423,0.842,0.158,0.0,RT @BBCNewsAsia: Just in case you missed this epic story of how a camera lost at sea for more than two years was discovered on a Taiwan bea‚Ä¶,BBC News (UK),36
36,-0.8689,0.38,0.62,0.0,Thousands of violent crime suspects released without conditions https://t.co/LMck4KzAkb,BBC News (UK),37
37,-0.3182,0.796,0.204,0.0,MPs urge Corbyn to suspend Shawcroft amid anti-Semitism row https://t.co/DZCVVLaZb8,BBC News (UK),38
38,0.0,1.0,0.0,0.0,Prince of Wales 'deeply moved' in televised Easter message https://t.co/rXXzRn4dqj,BBC News (UK),39
39,0.0,1.0,0.0,0.0,'Sugar baby' students sell their company to fund studies https://t.co/sRqrG7mWLV,BBC News (UK),40
40,0.0,1.0,0.0,0.0,Manchester Arena bombing: Compulsory first aid training call https://t.co/xwuXAa3VKG,BBC News (UK),41
41,0.0,1.0,0.0,0.0,Car hire cost clean-up continues https://t.co/eYHB4QL0NZ,BBC News (UK),42
42,-0.4215,0.714,0.286,0.0,Hospital's 'artificial feeding' letter to mothers criticised https://t.co/KVsmjNLQM9,BBC News (UK),43
43,0.0,1.0,0.0,0.0,'Unjustifiably high salaries' paid by some academies https://t.co/hg4n6eosCR,BBC News (UK),44
44,-0.7096,0.67,0.33,0.0,"Friday's Guardian: ""Outcry as GKN falls to hostile takeover"" #tomorrowspaperstoday #bbcpapers (via @hendopolis) https://t.co/igAZYWQxUX",BBC News (UK),45
45,-0.3818,0.833,0.167,0.0,"Friday's Sun: ""We‚Äôll fight each other on the beaches"" #tomorrowspaperstoday #bbcpapers (via @hendopolis) https://t.co/qFcyw2jYhB",BBC News (UK),46
46,-0.5423,0.741,0.259,0.0,"Friday's Mirror: ""Poison spy daughter talks"" #tomorrowspaperstoday #bbcpapers (via @hendopolis)  https://t.co/gjbdG6dTDB",BBC News (UK),47
47,-0.6369,0.704,0.296,0.0,"Friday's Mail: ""An abuse of capitalism"" #tomorrowspaperstoday #bbcpapers (via @hendopolis) https://t.co/dfp3IjhZHS",BBC News (UK),48
48,-0.4215,0.823,0.177,0.0,"Friday's Times: ""Ministers waste tens of millions on pledges"" #tomorrowspaperstoday #bbcpapers (via @hendopolis) https://t.co/66cDp53S93",BBC News (UK),49
49,-0.7269,0.498,0.378,0.124,"Friday's Telegraph: ""63 violent criminals paroled like Worboys"" #tomorrowspaperstoday #bbcpapers (via @hendopolis) https://t.co/U48okCcJtR",BBC News (UK),50
50,0.4767,0.694,0.092,0.214,"Friday's Express: ""Teacher wins ¬£250k for falling off desk"" #tomorrowspaperstoday #bbcpapers (via @hendopolis) https://t.co/xABYDXMEq3",BBC News (UK),51
51,0.0,1.0,0.0,0.0,RT @BBCPolitics: The Prime Minister has told the BBC that Brexit will mean there is extra money available to spend on the NHS and schools.‚Ä¶,BBC News (UK),52
52,0.0,1.0,0.0,0.0,"RT @BBCSport: The ball-tampering bans given to Steve Smith, David Warner and Cameron Bancroft contain ""glaring anomalies"", according to the‚Ä¶",BBC News (UK),53
53,0.0,1.0,0.0,0.0,"RT @BBCSport: How does this compare to your ""light day"" menu? üßêüôà

See what it takes to feed, maintain and train Anthony Joshua.

More üëâ htt‚Ä¶",BBC News (UK),54
54,-0.1406,0.937,0.063,0.0,"RT @BBCEngland: Clifton College said the victim felt it was not an anti-Semitic act but a campaign group said the act would have been ""trau‚Ä¶",BBC News (UK),55
55,0.2732,0.488,0.211,0.301,Disabled woman wins BA flight refund battle https://t.co/xXeholSJM9,BBC News (UK),56
56,0.0,1.0,0.0,0.0,Funds double for orphans-to-be from Solihull https://t.co/LI6wWeL7ez,BBC News (UK),57
57,-0.8625,0.407,0.517,0.076,Telford abuse: 'I want to kill my son's groomers' https://t.co/T0w59ek67H,BBC News (UK),58
58,-0.7506,0.748,0.252,0.0,RT @BBCBreaking: Russia expels 60 US diplomats and closes St Petersburg consulate in response to American action over spy poisoning https:/‚Ä¶,BBC News (UK),59
59,0.296,0.855,0.0,0.145,Peter Kay's Car Share: Final episodes to be shown on TV in May https://t.co/9f0oneiTyP,BBC News (UK),60
60,0.3818,0.614,0.123,0.263,Ministers U-turn on housing benefit axe for 18-21-year-olds https://t.co/uXkagZfmjE,BBC News (UK),61
61,-0.5994,0.505,0.495,0.0,GKN loses independence battle to Melrose https://t.co/S0OxJYALkd,BBC News (UK),62
62,0.0,1.0,0.0,0.0,"Be more ü§ì and less ü§î

Let our #Brexitbot answer your questions ‚û°Ô∏è https://t.co/YRA3LBhCWi https://t.co/pEFfXjWvgQ",BBC News (UK),63
63,-0.8442,0.221,0.641,0.138,Sophie Lionnet death: Accused 'screamed like a mad woman' https://t.co/CRxC8zhUpe,BBC News (UK),64
64,0.0,1.0,0.0,0.0,"Woman, 29, dies after being 'hit by bricks' in Mile End https://t.co/KUbZdVIMX6",BBC News (UK),65
65,0.4215,0.641,0.0,0.359,Ex-Russian spy's daughter 'improving rapidly' https://t.co/XzSQpkq6YG,BBC News (UK),66
66,0.0,1.0,0.0,0.0,Cambridge Analytica files spell out election tactics https://t.co/q58mAzrs4g,BBC News (UK),67
67,-0.5106,0.641,0.238,0.121,RT @BBC_HaveYourSay: People have been using the hashtag #IBelieveHer to say the criminal justice system is failing women who report sexual‚Ä¶,BBC News (UK),68
68,0.3612,0.884,0.0,0.116,"PM says there will be more money for priorities ""like the NHS and schools"" after #Brexit. But @theresa_may refuses‚Ä¶ https://t.co/7YZcxhGRqT",BBC News (UK),69
69,0.0,1.0,0.0,0.0,Fortnite 'not addictive' says researcher https://t.co/kjkIH4tLec,BBC News (UK),70
70,0.6597,0.735,0.0,0.265,"""I think there are real opportunities for the United Kingdom"" - @theresa_may responds to @bbclaurak's question ""Do‚Ä¶ https://t.co/OMyvDbZ06s",BBC News (UK),71
71,-0.3182,0.813,0.187,0.0,RT @BBCWorld: When a cheetah interrupts your safari (don't look around) üëÄ https://t.co/T9cOUdpCl6,BBC News (UK),72
72,0.0,1.0,0.0,0.0,"""This will make you hungry (and maybe a little jealous) ü•ä https://t.co/29AFW8AgWI",BBC News (UK),73
73,-0.8658,0.452,0.548,0.0,Basingstoke crash: Two 18-year-olds found dead 'seven hours after crash' https://t.co/FST6sVGfWi,BBC News (UK),74
74,-0.7351,0.53,0.47,0.0,"Wareham lorry crash on pedestrian crossing kills boy, 3 https://t.co/bH7RHZr3rB",BBC News (UK),75
75,0.0,1.0,0.0,0.0,Maundy Thursday: Queen hands out coins to mark women's vote https://t.co/z6ETQvD3Zf,BBC News (UK),76
76,-0.5267,0.643,0.243,0.114,RT @BBCWorld: Police use tear gas to disperse crowds desperate for news of loved ones after at least 68 people died in fire at police stati‚Ä¶,BBC News (UK),77
77,0.2263,0.672,0.126,0.202,Royal wedding: Tough Windsor security measures to be introduced https://t.co/LOJos1DFiz,BBC News (UK),78
78,0.5719,0.829,0.0,0.171,"RT @BBCScotlandNews: Britain's two oldest men, born on the same day, have been celebrating their 110th birthdays üéÇüéàüéÅüéâ
https://t.co/AI4XCCtj‚Ä¶",BBC News (UK),79
79,-0.34,0.902,0.098,0.0,RT @BBCBreaking: French police arrest man in Grenoble after group of soldiers were almost hit by a car while jogging near their barracks ht‚Ä¶,BBC News (UK),80
80,0.5719,0.224,0.305,0.471,Hackney murder victim Abraham Badru was bravery award winner https://t.co/W1D0LaqE7Z,BBC News (UK),81
81,-0.0516,0.25,0.38,0.37,Man jailed for killing best friend in Aberdeen https://t.co/o16NfgMOby,BBC News (UK),82
82,-0.3182,0.892,0.108,0.0,"RT @BBCWorld: Owner reunited with camera lost at sea for two years (It still works by the way)

https://t.co/DKd10DtuwL https://t.co/McyZjx‚Ä¶",BBC News (UK),83
83,0.2732,0.656,0.0,0.344,Well done Felix üëèüëèüëè https://t.co/wZIBevpMH8,BBC News (UK),84
84,0.0,1.0,0.0,0.0,"Balls, cherries or cakes.
 
What's the biggest #Brexit clich√© of all? 

https://t.co/W77gVN8RvN https://t.co/KLIpCV1JVA",BBC News (UK),85
85,-0.3182,0.796,0.204,0.0,Tributes to lost Volvo Ocean Race yachtsman John Fisher https://t.co/j0eJu2nEox,BBC News (UK),86
86,-0.8271,0.686,0.314,0.0,"RT @BBCWorld: ""I'll do everything I can to make up for my mistake and the damage it's caused."" 

Suspended Australian cricket captain Steve‚Ä¶",BBC News (UK),87
87,-0.4404,0.854,0.146,0.0,"RT @bbcemt: She's been shot, stabbed and even delivered a baby in a toilet. Meet ""Britain's first female bouncer"" üí™ https://t.co/bGeWPJkhuI",BBC News (UK),88
88,-0.4767,0.583,0.311,0.107,PC 'tried to prevent daughter's driving prosecution' https://t.co/rBLsyHECyk,BBC News (UK),89
89,0.1779,0.596,0.179,0.225,Worboys case: Nick Hardwick says justice secretary 'at fault too' https://t.co/dk0jMwuEvz,BBC News (UK),90
90,-0.4404,0.837,0.12,0.044,"RT @bbctms: An 8 wicket defeat for @englandcricket in Mumbai. 

India reach 108 run victory target with more than 4 overs to spare. 

But E‚Ä¶",BBC News (UK),91
91,-0.8555,0.71,0.29,0.0,"RT @BBCr4today: ""Predictions of doom and gloom"" at the time of the EU referendum ""have proved to be wrong"" says Liam Fox - who says the UK‚Ä¶",BBC News (UK),92
92,0.168,0.94,0.0,0.06,RT @BBCMaryam: Today on #BBCBizLive we want to know .. what‚Äôs the most you have spent on an Easter egg ? How much is too much ? 0830BST @BB‚Ä¶,BBC News (UK),93
93,0.4019,0.891,0.0,0.109,"RT @BBCPolitics: There's one year to go until #Brexit and the #Brexitcast team marked it with a special podcast, recorded in front of a liv‚Ä¶",BBC News (UK),94
94,0.5423,0.83,0.0,0.17,RT @bbcweather: Sunshine and (for some) morning frost will give way to showers in many places today. Some showers heavy with hail and thund‚Ä¶,BBC News (UK),95
95,0.2023,0.795,0.0,0.205,Bargain Booze firm to file for administration https://t.co/UB91Njelyj,BBC News (UK),96
96,0.0,1.0,0.0,0.0,Musicians hit by management fee 'scam' https://t.co/nfVgRZlP5X,BBC News (UK),97
97,-0.8957,0.203,0.797,0.0,Teenager arrested after hoax bomb threat https://t.co/C4lYzSc9iK,BBC News (UK),98
98,0.128,0.588,0.185,0.227,Term-time holiday rules stop children taking dance exams https://t.co/KLJsIaSnrW,BBC News (UK),99
99,-0.5423,0.696,0.304,0.0,International aid: Government fund 'could be causing harm' https://t.co/cgZt95S5uZ,BBC News (UK),100
100,-0.1027,0.706,0.159,0.135,"Office responsible for vetting Trump appointees plagued by personnel problems, report says https://t.co/hvlik6acz0 https://t.co/x6fKEgI5pv",CBS News,1
101,-0.0516,0.915,0.085,0.0,Two ISIS fighters from cell known for beheading hostages break their silence https://t.co/Sobj55rums https://t.co/ZLEw7hiXlL,CBS News,2
102,-0.34,0.821,0.179,0.0,Delta landing gear catches fire shortly after landing in Atlanta https://t.co/3HwOuFXOt9 https://t.co/OZHLp07Csa,CBS News,3
103,0.4215,0.811,0.0,0.189,"Grace VanderWaal: The 14-year-old pop star with an ""old soul"" sound https://t.co/3FWueaxVzd https://t.co/UwosfPbfb7",CBS News,4
104,0.0,1.0,0.0,0.0,Who is invited to the royal wedding? Guest list details emerge https://t.co/4MeL29617Y https://t.co/za3Blh1WPL,CBS News,5
105,0.1779,0.709,0.118,0.173,Concern over Russian ships lurking around vital undersea cables https://t.co/NxDA4il9l1 https://t.co/lYc8wC5dzc,CBS News,6
106,-0.3182,0.85,0.15,0.0,Nortre Dame defeats UConn with buzzer shot with 1 second left in OT https://t.co/l132yyFAkC https://t.co/tWd7KstzNc,CBS News,7
107,-0.4767,0.78,0.22,0.0,"After bodies found in mine, man arrested in teens' deaths https://t.co/hTIMmRReII https://t.co/Fb20Bl7dP5",CBS News,8
108,0.0,1.0,0.0,0.0,Blizzard-like conditions expected in spring storm slamming northern Plains https://t.co/2SXXcykbJv,CBS News,9
109,0.4464,0.696,0.0,0.304,Noor Salman verdict: Pulse nightclub gunman's widow not guilty https://t.co/BvttDeNfS6 https://t.co/b6ZUsZ3kBp,CBS News,10
110,0.0,1.0,0.0,0.0,"""Holy grail of shipwrecks"": Centuries-old sailing ship found on Florida beach https://t.co/0UFY58eisE https://t.co/JMF8x4Qacg",CBS News,11
111,0.0,1.0,0.0,0.0,San Francisco police release video of deadly barber shop shooting https://t.co/G1Zyz2PJjB https://t.co/sGOnPAlM08,CBS News,12
112,-0.6486,0.751,0.249,0.0,Youth from famed photo believed among dead as SUV flies off cliff https://t.co/fqbIMzV2zL https://t.co/7LodeTprnW,CBS News,13
113,-0.5719,0.764,0.236,0.0,Widespread teacher absences close Kentucky schools amid anger over pension bill https://t.co/to12qSnaiZ https://t.co/76JKN2TwvI,CBS News,14
114,0.5267,0.726,0.0,0.274,"Mega Millions winning numbers for Friday, March 30 https://t.co/m9iokK8CFi https://t.co/hqlPPeMqDi",CBS News,15
115,-0.4404,0.818,0.182,0.0,"""She's a monster,"" say parents of boy allegedly molested by teacher Brittany Zamora https://t.co/OcAmEtykUB https://t.co/nGIvOG7UlU",CBS News,16
116,0.5994,0.71,0.0,0.29,Schlitterbahn water park indictments highlight lax state rules that cover amusement parks https://t.co/lVXiXfw2Lj https://t.co/8s7tZa9jGm,CBS News,17
117,-0.5994,0.691,0.225,0.084,"The Parkland school shooter, charged with killing 17 people, has been getting piles of fan mail while he sits in ja‚Ä¶ https://t.co/YG2cMx9bow",CBS News,18
118,-0.6908,0.81,0.19,0.0,"After Adnan Syed had his murder conviction thrown out for a second time, what's next for the subject of ""Serial,"" t‚Ä¶ https://t.co/EaOBJVXtmn",CBS News,19
119,0.0258,0.932,0.0,0.068,"""Clueless"" actress turned conservative commentator Stacey Dash is backing out of her bid for Congress‚Ä¶ https://t.co/UuurjnhpOb",CBS News,20
120,-0.25,0.727,0.159,0.114,Democratic congresswoman apologizes for not protecting women in her office; they allege being harassed by her forme‚Ä¶ https://t.co/5eIM6JH5X1,CBS News,21
121,-0.5859,0.826,0.174,0.0,"While the national average for lead poisoning is about three percent, more than 11 percent of Milwaukee's children‚Ä¶ https://t.co/WYojvaMosy",CBS News,22
122,0.6249,0.779,0.0,0.221,U.S. says it has the support of the U.N. Security Council for a new package of sanctions against North Korea‚Ä¶ https://t.co/ZAOjUVAhGo,CBS News,23
123,-0.1531,0.696,0.143,0.161,"David Hogg, a survivor of last month's school shooting in Parkland, Florida, has rejected an apology from Fox News‚Ä¶ https://t.co/gW5e7P8pQs",CBS News,24
124,0.0,1.0,0.0,0.0,"President Trump's unscripted remark this week about pulling out of Syria ""very soon,"" while at odds with his own po‚Ä¶ https://t.co/68DddelJOg",CBS News,25
125,0.3182,0.881,0.0,0.119,A Florida jury deliberated for just over 12 hours before acquitting the widow of the Pulse nightclub shooter‚Ä¶ https://t.co/h1tGOOQCIt,CBS News,26
126,-0.9325,0.533,0.467,0.0,"A roadside bomb killed one American and one British soldier Friday, the first U.S. combat death in Syria this year‚Ä¶ https://t.co/DqozbJrXCZ",CBS News,27
127,-0.6597,0.803,0.197,0.0,"One man traveled 6,500 miles to confront the West African man who tried to scam him on the internet -- and then, a‚Ä¶ https://t.co/22zQnyfXoV",CBS News,28
128,0.0,1.0,0.0,0.0,"RT @CBSEveningNews: ‚ÄúThe hours that I am putting in, I don't think I can sustain for much longer.‚Äù 

Teachers in Kentucky, Arizona and Okla‚Ä¶",CBS News,29
129,-0.7906,0.72,0.28,0.0,"At least 15 Palestinians were killed, and more than 1,000 wounded fighting Israeli troops along the Gaza border on‚Ä¶ https://t.co/vQvZdE2xv5",CBS News,30
130,-0.7906,0.731,0.269,0.0,RT @CBSEveningNews: At least 15 Palestinians were killed and more than a thousand wounded fighting Israeli troops along the Gaza border. To‚Ä¶,CBS News,31
131,-0.8402,0.609,0.391,0.0,"Neither officer involved in fatal 2016 Alton Sterling shooting will face criminal charges; Officer Blane Salamoni,‚Ä¶ https://t.co/57XVFsKtKT",CBS News,32
132,-0.34,0.897,0.103,0.0,"Attorney Ben Crump: ""The narrative that had been put forth is that they had to open fire because [Clark] was chargi‚Ä¶ https://t.co/ZBdRkuN6au",CBS News,33
133,0.0,1.0,0.0,0.0,The family of Stephon Clark says the results of an autopsy they had done are at odds with the police version of the‚Ä¶ https://t.co/6zCLeuj8pM,CBS News,34
134,0.4404,0.888,0.0,0.112,"RT @CBSEveningNews: We‚Äôre on the air in the East. @JeffGlor is live from Studio 57 in NYC
Thanks for being with us #OriginalReporting #CBSE‚Ä¶",CBS News,35
135,0.4767,0.846,0.0,0.154,"NEW: ""Officer Blane Salamoni has been terminated from the Baton Rouge Police Department, effective today,"" police c‚Ä¶ https://t.co/AG9jnzFPzn",CBS News,36
136,0.0,1.0,0.0,0.0,Man who allegedly escaped federal custody -- as he was about to be deported to Senegal -- has been captured by immi‚Ä¶ https://t.co/vH2dEThCQM,CBS News,37
137,-0.4939,0.849,0.151,0.0,"""Fear cannot be a driver for an officer's response to every incident,"" Baton Rouge police chief says, addressing po‚Ä¶ https://t.co/HDkIBAV3gP",CBS News,38
138,0.0,1.0,0.0,0.0,"WATCH: ""On the advice of his attorney, Officer Salamoni chose not to answer any of our questions,"" Baton Rouge poli‚Ä¶ https://t.co/wzZlIaAKDY",CBS News,39
139,0.0,1.0,0.0,0.0,"By day, an accountant; by night, he took to the ice to debut as the Chicago Blackhawks' goalie‚Ä¶ https://t.co/pt5SXukMou",CBS News,40
140,0.0,1.0,0.0,0.0,Most 17 year olds are thinking about prom. She's trying to decide between the nine Ph.D. programs that've offered h‚Ä¶ https://t.co/yupBPBE5pJ,CBS News,41
141,0.0,1.0,0.0,0.0,"Last year, LaGuardia Airport had the highest rate of flight cancellations, at 3.2 percent, among the 25 busiest air‚Ä¶ https://t.co/mJDEBHBkcW",CBS News,42
142,-0.6705,0.78,0.22,0.0,"Fourteen Palestinians killed in clashes with Israeli forces, as thousands of Palestinians marched to Gaza's border‚Ä¶ https://t.co/UH7SFGUdoh",CBS News,43
143,0.5267,0.827,0.0,0.173,Looking to increase your energy during your workout? What you eat before you head to the gym could make all the dif‚Ä¶ https://t.co/TOWWYGqsUb,CBS News,44
144,0.0,1.0,0.0,0.0,"Two summers ago, 10-year-old Caleb Schwab was decapitated on ""Verruckt,"" the world's largest water slide. Now, thre‚Ä¶ https://t.co/zaQwNmiHEV",CBS News,45
145,-0.128,0.7,0.181,0.119,"After 11 advertisers drop Laura Ingraham, supporters of the conservative TV host are now calling for a boycott of t‚Ä¶ https://t.co/nGNqPUjv7z",CBS News,46
146,0.4215,0.843,0.0,0.157,"Sister Jean, Loyola-Chicago's adored 98-year-old team chaplain, is politely trash-talking Michigan ahead of the sch‚Ä¶ https://t.co/xvTIW20CXf",CBS News,47
147,-0.0516,0.915,0.085,0.0,"2 ISIS fighters from a cell known for beheading hostages are breaking their silence:
https://t.co/EdVe9VdJzO https://t.co/zXHql75uU5",CBS News,48
148,0.0,1.0,0.0,0.0,"Arnold Schwarzenegger has undergone heart surgery, but contrary to some reports, it was a planned procedure, accord‚Ä¶ https://t.co/8xqwZJgGTA",CBS News,49
149,-0.5423,0.844,0.156,0.0,"""Each none of these bullets independently possessed a fatal capacity. Meaning, that out of them, all he needed to h‚Ä¶ https://t.co/L9KuhbZn2Y",CBS News,50
150,0.0,1.0,0.0,0.0,MORE: Dr. Bennet Omalu says he concluded Stephon Clark was shot 7 times in the back https://t.co/z3yFByQrVw https://t.co/duSPuHB31E,CBS News,51
151,0.0,1.0,0.0,0.0,"""The second autopsy -- there were a total of 8 gunshot wounds. A total of 8 gunshot wounds, meaning that he was hit‚Ä¶ https://t.co/DlSWxXJYhB",CBS News,52
152,0.0,1.0,0.0,0.0,"WATCH LIVE: Sacramento officials hold a press conference, where Stephon Clark's autopsy results are expected to be‚Ä¶ https://t.co/asDRpQOMQv",CBS News,53
153,0.5267,0.794,0.0,0.206,7 Roman Catholic devotees in the Philippines were nailed to wooden crosses in a Good Friday reenactment of Jesus Ch‚Ä¶ https://t.co/BDPTx5pwzQ,CBS News,54
154,-0.8271,0.674,0.326,0.0,3 Las Vegas teenagers on spring break died in a fiery crash in Southern California after their car was hit by a sus‚Ä¶ https://t.co/mOygeQVJto,CBS News,55
155,0.1655,0.93,0.0,0.07,Parkland school shooter Nikolas Cruz has been getting piles of fan mail while he sits in jail -- but he hasn't been‚Ä¶ https://t.co/2SLoOK6cdH,CBS News,56
156,-0.6705,0.769,0.231,0.0,"12 people have been killed  in Israel-Gaza clashes along the border, Palestinian Health Ministry says‚Ä¶ https://t.co/XFMQ7aWELY",CBS News,57
157,0.0,1.0,0.0,0.0,"RT @CBSEveningNews: While @OnTheRoadCBS in Africa our Steve Hartman came across the 'Daily Talk"" chalkboard on the busiest street in Monrov‚Ä¶",CBS News,58
158,0.4767,0.846,0.0,0.154,"A 48-foot section of the ""holy grail of shipwrecks"" has washed ashore on a Florida beach, thrilling researchers who‚Ä¶ https://t.co/j7lmzgOKBy",CBS News,59
159,-0.8481,0.62,0.38,0.0,"The Vatican is denying that Pope Francis told an Italian journalist that ""there is no hell"" https://t.co/2lBJdM9gna https://t.co/BYjyjvFDpd",CBS News,60
160,0.3818,0.874,0.0,0.126,"In a clear signal to the West, Russia released video today of a test launch of a new intercontinental ballistic mis‚Ä¶ https://t.co/GQ5pd48er6",CBS News,61
161,-0.1531,0.914,0.086,0.0,"A 19,000-pound space station is falling toward Earth and scientists project it may land sometime between Saturday a‚Ä¶ https://t.co/0V84xoyDzL",CBS News,62
162,-0.6705,0.769,0.231,0.0,"American service member killed in Syria roadside bombing, U.S. military official confirms to CBS News‚Ä¶ https://t.co/Liu7lEzydg",CBS News,63
163,0.5106,0.852,0.0,0.148,A search and rescue team of 9 people and a cadaver dog are searching the area where an SUV plunged off a California‚Ä¶ https://t.co/bGMsAqXLf9,CBS News,64
164,0.2732,0.913,0.0,0.087,"""We have a little slogan we say, 'Worship, work and win.' We need to do all of those things. God always hears, but‚Ä¶ https://t.co/M7KiCbT1QM",CBS News,65
165,0.0,1.0,0.0,0.0,"WATCH LIVE: Sister Jean Schmidt, Loyola-Chicago's team chaplain, gives a press conference ahead of the #FinalFour‚Ä¶ https://t.co/w4Vi7Oz8MY",CBS News,66
166,-0.8439,0.676,0.324,0.0,"""I feel so bad for themI lost a child, I know how it feels,‚Äù Noor Salman‚Äôs cousin says to victims of Pulse nightclu‚Ä¶ https://t.co/NnFdJTQcak",CBS News,67
167,0.34,0.912,0.0,0.088,"""I said from day one that she was innocent and that I will stand here in front of you when the jury comes up with t‚Ä¶ https://t.co/9yyHq4zqCX",CBS News,68
168,0.0534,0.75,0.139,0.111,"""The family wants to first say we are very sorry for the family members and friends of the 49 victims of the Pulse‚Ä¶ https://t.co/xFzLfWhgOe",CBS News,69
169,-0.1808,0.758,0.153,0.088,"Noor Salman, the wife of the Pulse nightclub shooter, cried when the not guilty verdict was read and so did the fam‚Ä¶ https://t.co/W6Fq4UYKFL",CBS News,70
170,0.3612,0.844,0.0,0.156,"""I think many people will be surprised by the verdict, and perhaps others who followed the trial more closely won't‚Ä¶ https://t.co/W6IolJGwhm",CBS News,71
171,0.3252,0.896,0.0,0.104,"NEW: Noor Salman, the wife of Pulse nightclub shooter Omar Mateen, found not guilty of aiding her husband with the‚Ä¶ https://t.co/pNTpXnAJD7",CBS News,72
172,0.0,1.0,0.0,0.0,"WATCH: SpaceX Falcon 9 rocket launches into space from Vandenberg Air Force Base in California, carrying 10 communi‚Ä¶ https://t.co/0rNRzxM0RK",CBS News,73
173,0.4019,0.856,0.0,0.144,Investigators on special counsel Robert Mueller's team have been asking questions about the 2016 Republican Nationa‚Ä¶ https://t.co/J3G9omw3jP,CBS News,74
174,0.3818,0.796,0.0,0.204,"NEW: Jurors have reached a verdict in the trial of Noor Salman, the widow of the Pulse nightclub shooter; verdict e‚Ä¶ https://t.co/IC13CZMUAt",CBS News,75
175,-0.5267,0.794,0.206,0.0,"Russian ships are lurking around underwater communications cables, causing the U.S. and its allies to worry the Kre‚Ä¶ https://t.co/VTBt6bBJ78",CBS News,76
176,-0.8126,0.682,0.318,0.0,"Hard numbers:
‚ñ™Ô∏è70: Estimated 70% of guns recovered at crime scenes in Mexico crime since 2009 were purchased in th‚Ä¶ https://t.co/3vYMH9fZ4K",CBS News,77
177,0.4215,0.865,0.0,0.135,Walmart's appeal is gaining among Democrats as a majority of shoppers who identify as Democrats now say they would‚Ä¶ https://t.co/UFKVL7OOLv,CBS News,78
178,-0.8316,0.747,0.253,0.0,Next¬†week marks 50 years¬†since the nation was gripped by¬†the death of Martin Luther King Jr. His death was met by a‚Ä¶ https://t.co/uXC8t3p0PQ,CBS News,79
179,0.0,1.0,0.0,0.0,"Scott Foster, a 36-year-old accountant-turned-emergency Chicago Blackhawks goalie, stars in his NHL debut:‚Ä¶ https://t.co/l5ftf0i9UB",CBS News,80
180,0.2263,0.769,0.095,0.136,Federal grand jury charges Texas pastor and Louisiana financial planner with bilking investors out of more than $1‚Ä¶ https://t.co/pZ89kgSNSz,CBS News,81
181,-0.743,0.73,0.27,0.0,Schools in several of Kentucky's largest counties were forced to close Friday when teachers angered by the passage‚Ä¶ https://t.co/IemRxEG6oE,CBS News,82
182,0.0,1.0,0.0,0.0,"Russia goes beyond tit-for-tat in diplomatic duel with U.S., ordering 60 U.S. diplomats out of the country and clos‚Ä¶ https://t.co/kuMzGf0NOj",CBS News,83
183,0.0,1.0,0.0,0.0,Sunday Times royal correspondent Roya Nikkhah joins @CBSThisMorning from London to discuss: https://t.co/CEtJkHhQsk,CBS News,84
184,0.0,1.0,0.0,0.0,"The royal wedding is 50 days away, and we're starting to learn who Prince Harry and Meghan Markle are including in‚Ä¶ https://t.co/jdqKkyVVBY",CBS News,85
185,0.3612,0.736,0.1,0.165,RT @CBSThisMorning: .@CBSSports says the @Marlins and @Cubs honored victims of the Stoneman Douglas High School shooting during yesterday's‚Ä¶,CBS News,86
186,0.0,1.0,0.0,0.0,President Trump is expected to sign an online sex trafficking bill in the coming days. It would penalize websites t‚Ä¶ https://t.co/codkgFFTCP,CBS News,87
187,0.0,1.0,0.0,0.0,Wisconsin health officials are reviewing Milwaukee's lead prevention program after several reports highlighted defi‚Ä¶ https://t.co/oswrIPFjY5,CBS News,88
188,0.6597,0.803,0.0,0.197,Dating app technology puts the power to meet people in the palm of your hand. The same idea is helping pair dogs in‚Ä¶ https://t.co/qTBozQxWlO,CBS News,89
189,-0.6249,0.681,0.319,0.0,Nearly a half-million students in Oklahoma could miss school Monday because of a threatened teacher's strike. Teach‚Ä¶ https://t.co/xpGQGTYO7I,CBS News,90
190,-0.4019,0.856,0.144,0.0,"Federal prosecutors say they captured a sex cult leader who allegedly recruited Hollywood stars and enslaved women,‚Ä¶ https://t.co/v4FLyTXHYf",CBS News,91
191,0.3612,0.884,0.0,0.116,"RT @CBSThisMorning: ‚û°Ô∏è EPA plans to ease Obama-era fuel standards

‚û°Ô∏è @UnderArmour is investigating a massive cyber breach that affects abo‚Ä¶",CBS News,92
192,0.3818,0.885,0.0,0.115,Parents in Milwaukee say city leaders aren't doing enough to protect their kids from lead. More than 11% of Milwauk‚Ä¶ https://t.co/bDbk0DObvm,CBS News,93
193,-0.7003,0.691,0.309,0.0,"Stephon Clark's family to file federal lawsuit over police shooting death, lawyers say https://t.co/Su1UoszQI8 https://t.co/bswbke909L",CBS News,94
194,-0.4404,0.717,0.177,0.106,"The man at the center of the popular podcast, ""Serial,"" will get a new murder trial. A jury convicted Adnan Syed in‚Ä¶ https://t.co/EOxVcEx8iT",CBS News,95
195,-0.6486,0.632,0.269,0.099,A judge ruled coffee shops must serve coffee with a cancer warning in California. Chains like Starbucks and Whole F‚Ä¶ https://t.co/tqER2XZ7RE,CBS News,96
196,-0.0516,0.851,0.08,0.069,It's a tough time for the world's largest social network. Here's a breakdown of the biggest challenges Facebook is‚Ä¶ https://t.co/rOm1pG6b9U,CBS News,97
197,-0.2263,0.921,0.079,0.0,Lawyers for the family of Stephon Clark tell CBS News they plan to file a federal lawsuit as soon as Friday over hi‚Ä¶ https://t.co/0oXb8Ieok7,CBS News,98
198,0.0,1.0,0.0,0.0,A federal judge says adult film star Stormy Daniels' lawyer cannot depose President Trump about his client's non-di‚Ä¶ https://t.co/5mz3QFhZsJ,CBS News,99
199,0.0,1.0,0.0,0.0,Senior foreign affairs correspondent and @FaceTheNation moderator @margbrennan joins @CBSThisMorning from Washingto‚Ä¶ https://t.co/Fm50o9aJrq,CBS News,100
200,0.0,1.0,0.0,0.0,A rare look inside North Korean leader Kim Jong Un's armored train https://t.co/3jJ0Z6Em3X https://t.co/hzfxZShM9N,CNN,1
201,0.6369,0.682,0.0,0.318,The best travel photos of 2018 (so far) https://t.co/f7oG0f6gNu https://t.co/NwnB53lDWW,CNN,2
202,0.6808,0.781,0.0,0.219,This 17-year-old applied to 20 of the best universities in the US and was admitted to every single one with a full‚Ä¶ https://t.co/8n7sRF58Qc,CNN,3
203,0.0,1.0,0.0,0.0,He‚Äôs an algebra teacher in Oklahoma. And a bus driver. And a Little League umpire. And he drives for Uber and Lyft.‚Ä¶ https://t.co/skk1lgAN0W,CNN,4
204,0.3818,0.669,0.114,0.217,"""We're just scared of the water..."" Welcome to Martin County, Kentucky, where the tap water smells like diesel fuel‚Ä¶ https://t.co/kHUdQ6ZEhr",CNN,5
205,0.4404,0.847,0.0,0.153,Apple is proposing 13 new emojis in an effort to better represent people with disabilities https://t.co/ByWMuyNNrU https://t.co/2HETOC1giC,CNN,6
206,0.2732,0.9,0.0,0.1,"Former President Barack Obama says he aspires to create ""a million young Barack Obamas or Michelle Obamas"" who will‚Ä¶ https://t.co/PDc0nZA1n5",CNN,7
207,0.0,1.0,0.0,0.0,"Would you ride in this ""Roseanne"" car? A New York City subway train car was transformed to resemble Roseanne's livi‚Ä¶ https://t.co/jn8FRusjFB",CNN,8
208,0.6369,0.61,0.089,0.301,"This curious cheetah hopped into a car on a safari trip. Thankfully, everyone remained calm, and no one was hurt‚Ä¶ https://t.co/q0l42J3hzo",CNN,9
209,0.0,1.0,0.0,0.0,"From revolution to reform, how did the Vatican respond to the splintering of a once universal Catholic church?‚Ä¶ https://t.co/tYpjnWu1vS",CNN,10
210,0.3612,0.872,0.0,0.128,"Dr. Bennet Omalu, a pioneering pathologist credited with discovering CTE, spoke Friday about the findings of his th‚Ä¶ https://t.co/MYDJGw3Wvv",CNN,11
211,0.0,1.0,0.0,0.0,Ethan Sonneborn is 13 and he's running to be the next governor of Vermont https://t.co/aNi6zLG7st https://t.co/S5nfZMvWap,CNN,12
212,0.34,0.882,0.0,0.118,The White House office that vets appointees is inexperienced and understaffed -- and aides played a drinking game i‚Ä¶ https://t.co/Kk1Vx3KkaL,CNN,13
213,-0.5859,0.814,0.186,0.0,"To critics who say she should ""go away"" after losing to Trump, Hillary Clinton says, ""they never said that to any m‚Ä¶ https://t.co/C4BluiJ1DU",CNN,14
214,0.0,1.0,0.0,0.0,RT @CNNTonight: Rep. Ted Lieu says US Attorney General Jeff Sessions made the right call in appointing a prosecutor to investigate claims o‚Ä¶,CNN,15
215,0.3182,0.887,0.0,0.113,An official with the US Immigration and Customs Enforcement office in San Francisco apologized for posting an image‚Ä¶ https://t.co/kjCGRIXtEJ,CNN,16
216,-0.0258,0.731,0.137,0.132,Mississippi State is heading to the NCAA women's national championship game after beating Louisville 73-63 in overt‚Ä¶ https://t.co/6AjYA3iWuq,CNN,17
217,0.0,1.0,0.0,0.0,Is India distancing itself from the Tibetan exile community six decades after the Dalai Lama fled to the country?‚Ä¶ https://t.co/ZMPZV96hPG,CNN,18
218,0.0,1.0,0.0,0.0,Google's Clips camera automates aspects of the picture-taking process. But can it replace photographers with an alg‚Ä¶ https://t.co/mU5I2iTH6G,CNN,19
219,-0.5859,0.814,0.186,0.0,"""When the fire alarm went off in my gym the other morning, barely anyone paid attention. ... Many of us are equally‚Ä¶ https://t.co/RR9qfL7SoF",CNN,20
220,-0.3182,0.897,0.103,0.0,"""What is odd and unprecedented is to have your daughter, your son-in-law, your pilot, your physician - you can go d‚Ä¶ https://t.co/pvsnU5lzf4",CNN,21
221,-0.4003,0.863,0.137,0.0,"""Holy hazelnut mocha! California may now be placing a warning label on coffee,"" writes David Wheeler via @CNNOpinion https://t.co/8NtGC9w49U",CNN,22
222,-0.34,0.897,0.103,0.0,"RT @OutFrontCNN: ""His misuse of taxpayer dollars over and over again is really what's concerning...I think he should resign. If he doesn't‚Ä¶",CNN,23
223,0.296,0.896,0.0,0.104,Dennis Rodman weighs in on the prospect of a meeting between US President Donald Trump and North Korean leader Kim‚Ä¶ https://t.co/lZuOx6IGW1,CNN,24
224,0.5367,0.874,0.0,0.126,"RT @AC360: ""He simply is not qualified to take on one of the most complicated health care management jobs in the world."" - Norman Eisen on‚Ä¶",CNN,25
225,0.4215,0.833,0.0,0.167,"President Trump likes ""Roseanne?"" Of course he does | By Dean Obeidallah via @CNNOpinion https://t.co/kctMHQG3a9 https://t.co/1ik8vALq8E",CNN,26
226,-0.3818,0.86,0.14,0.0,"""Our fight can be any woman's fight."" Brazilian sports journalists may be having their #MeToo moment https://t.co/cQGYzfkVeU",CNN,27
227,0.0,1.0,0.0,0.0,A federal judge has ruled against the Trump administration -- for now -- in a case brought by lawyers for pregnant‚Ä¶ https://t.co/CM7Uav1f6b,CNN,28
228,0.7717,0.717,0.0,0.283,"Michael Brown celebrates his acceptance to Stanford. The 17-year-old from Houston, Texas, applied to 20 of the best‚Ä¶ https://t.co/mEQLTx8ozD",CNN,29
229,0.0,1.0,0.0,0.0,Former Obama administration Attorney General Eric Holder said he will make a decision on running for president in 2‚Ä¶ https://t.co/fBlctwq6NT,CNN,30
230,-0.34,0.893,0.107,0.0,The internal FBI report that served as grounds for the firing of FBI Deputy Director Andrew McCabe includes key tes‚Ä¶ https://t.co/owthxm1Qop,CNN,31
231,-0.6249,0.796,0.204,0.0,Could this be a sign of change in the police shooting crisis? | By Roxanne Jones via @CNNOpinion‚Ä¶ https://t.co/102nyMqSop,CNN,32
232,0.0,1.0,0.0,0.0,Former California governor and film star Arnold Schwarzenegger had open-heart surgery in California to replace a fa‚Ä¶ https://t.co/ilWRCPSyuH,CNN,33
233,0.6808,0.781,0.0,0.219,This 17-year-old applied to 20 of the best universities in the US and was admitted to every single one with a full‚Ä¶ https://t.co/70VGFaqbhE,CNN,34
234,0.4215,0.877,0.0,0.123,"US Ambassador to the United Nations Nikki Haley gave Karen Pierce, the UK's first female ambassador to the UN, a wa‚Ä¶ https://t.co/UKHHdYFnCv",CNN,35
235,-0.7783,0.57,0.43,0.0,Coffee may come with a cancer warning label in California https://t.co/BHrE6r8LnS https://t.co/YOVgknEY8c,CNN,36
236,-0.5267,0.671,0.238,0.091,Exclusive: On board the 'Doomsday' plane that can wage nuclear war https://t.co/lwvbG4vTJo https://t.co/3OYg8dnklf,CNN,37
237,-0.34,0.707,0.185,0.109,"President Trump designates April as ""Second Chance Month"" for people with criminal records https://t.co/7d7tzIidZK https://t.co/OVthlIfV8Q",CNN,38
238,0.0,1.0,0.0,0.0,"The attorneys for the family of Alton Sterling are speaking in Baton Rouge, Louisiana, following the police press c‚Ä¶ https://t.co/p8AJCD4fPj",CNN,39
239,-0.5267,0.848,0.152,0.0,"The White House is frustrated with the EPA's Scott Pruitt, the already embattled Cabinet secretary who is under scr‚Ä¶ https://t.co/Bk5ioNiNhA",CNN,40
240,-0.5859,0.787,0.213,0.0,President Donald Trump has issued a proclamation designating April as National Sexual Assault Awareness month‚Ä¶ https://t.co/kJLTw5PY4D,CNN,41
241,0.25,0.875,0.0,0.125,How Steve Bannon used Cambridge Analytica to further his alt-right vision for America https://t.co/iB1mHKZT7z https://t.co/uY8u1AbqFj,CNN,42
242,0.2023,0.904,0.0,0.096,Jim Carrey has been trolling Trump and the GOP with paintings. Here are the top 11 https://t.co/MHqgAuAyf7 https://t.co/L2Zlql8mD2,CNN,43
243,0.0,1.0,0.0,0.0,"Walmart is in the early stages of talks to buy the health insurance giant Humana, according to a Wall Street Journa‚Ä¶ https://t.co/VIggyj5nji",CNN,44
244,-0.5423,0.844,0.156,0.0,"BREAKING: Baton Rouge Police Officer Blane Salamoni, one of two officers involved in the fatal shooting of Alton St‚Ä¶ https://t.co/F9u1UNG5x2",CNN,45
245,0.0,1.0,0.0,0.0,David Shulkin wants to tell his side of the story -- and he's speaking out everywhere https://t.co/RCkHV2SPjX https://t.co/75xGMw1eIH,CNN,46
246,-0.5423,0.844,0.156,0.0,"Baton Rouge Police Officer Blane Salamoni, one of two officers involved in the fatal shooting of Alton Sterling, wi‚Ä¶ https://t.co/sgYOZYRKAp",CNN,47
247,-0.7351,0.644,0.356,0.0,Will the spate of lawsuits against fringe media stop the flow of conspiracy theories? https://t.co/jzCSTqu115 https://t.co/PPTPB1a3Wa,CNN,48
248,-0.5106,0.791,0.15,0.059,The simple act of getting a haircut can end up being an assault on the senses for some. This barber soothed a child‚Ä¶ https://t.co/VdVwpyVLve,CNN,49
249,0.0,1.0,0.0,0.0,"Four videos recorded the night an officer shot Alton Sterling in 2016 were released by Baton Rouge police.

The rec‚Ä¶ https://t.co/SHRcuSe7iY",CNN,50
250,0.3612,0.872,0.0,0.128,"Dr. Bennet Omalu, a pioneering pathologist credited with discovering CTE, spoke Friday about the findings of his th‚Ä¶ https://t.co/vDPqMjycHB",CNN,51
251,0.0,1.0,0.0,0.0,"RT @CNNSitRoom: ""I have the patience to wait until Mueller and his professionals come back with a recommendation of what in fact happened,""‚Ä¶",CNN,52
252,0.1027,0.722,0.128,0.15,"Venezuelans lack Communion wafers this Easter, so a Colombian church stepped in to help https://t.co/cXY7l1pnyi https://t.co/PYzmm3cQQK",CNN,53
253,-0.296,0.744,0.153,0.103,"These days, politics is about what you hate as much as what you like | Analysis by CNN's Sam Petulla‚Ä¶ https://t.co/2ua2J9y2TQ",CNN,54
254,-0.1027,0.714,0.172,0.113,The FBI detained and questioned Trump ally Ted Malloch this week as part of special counsel Robert Mueller's invest‚Ä¶ https://t.co/OTRZuunDYS,CNN,55
255,-0.4767,0.83,0.17,0.0,The FBI this week detained and questioned Ted Malloch -- who says he was an informal Trump campaign adviser in 2016‚Ä¶ https://t.co/4ETAWMHGuL,CNN,56
256,0.1779,0.837,0.065,0.098,"Fifty years ago, on the last day of March, President Lyndon Johnson stunned the nation with a surprise decision not‚Ä¶ https://t.co/ri5ZsyJH7I",CNN,57
257,-0.2732,0.707,0.148,0.145,"RT @TheLeadCNN: Rep. Esty, who has apologized after she kept on a top aide for several months despite having learned of abuse allegations a‚Ä¶",CNN,58
258,0.3089,0.847,0.0,0.153,Rep. Elizabeth Esty says she won't resign after apologizing for keeping on an aide for several months after learnin‚Ä¶ https://t.co/pq3Tx8tqjF,CNN,59
259,0.5719,0.773,0.0,0.227,"President Trump's ""mini me"" could (partly) fill the void that long-time top aide Hope Hicks leaves behind‚Ä¶ https://t.co/bfbmdEqgA7",CNN,60
260,0.0,1.0,0.0,0.0,"RT @TheLeadCNN: ""What I've not seen from this President is any indication whatsoever that he is willing to use the instruments of power tha‚Ä¶",CNN,61
261,0.0,1.0,0.0,0.0,"""Clueless"" star and former Fox News commentator Stacey Dash is withdrawing her congressional bid‚Ä¶ https://t.co/uFHyDGkZrk",CNN,62
262,-0.4019,0.87,0.13,0.0,The Utah Jazz's home arena is opening a sensory-inclusive space for fans with autism spectrum disorder and other in‚Ä¶ https://t.co/S1chLvCHSb,CNN,63
263,-0.2023,0.913,0.087,0.0,"Here are some of iOS 11.3's features you should know about:
- You can turn off the controversial iPhone-slowing fea‚Ä¶ https://t.co/1DyFic0C2i",CNN,64
264,0.0,1.0,0.0,0.0,"RT @TheLeadCNN: Russia released video footage of a test launch of its new ""Satan 2"" intercontinental ballistic missile https://t.co/M49YiOw‚Ä¶",CNN,65
265,-0.2023,0.893,0.107,0.0,Federal authorities have charged the pastor of a Texas megachurch and a Louisiana financial planner with defrauding‚Ä¶ https://t.co/GUYy99hyh7,CNN,66
266,0.0,1.0,0.0,0.0,Ethan Sonneborn is 13 and he's running to be the next governor of Vermont https://t.co/ulz7Nu40xs https://t.co/ssTwFIHAB4,CNN,67
267,0.3818,0.669,0.114,0.217,"""We're just scared of the water..."" Welcome to Martin County, Kentucky, where the tap water smells like diesel fuel‚Ä¶ https://t.co/7M0VmN7STW",CNN,68
268,0.0,1.0,0.0,0.0,A company donated $29 million in cryptocurrency to cover every single teacher request on a crowdfunding site https://t.co/iQU2aeav5h,CNN,69
269,0.4215,0.823,0.0,0.177,Why Trump and the GOP are gaining | By Scott Jennings via @CNNOpinion https://t.co/fwYLVuR2cy https://t.co/FTRiUkE20v,CNN,70
270,0.0,1.0,0.0,0.0,"About 2.5% of people who went to the doctor in the week ending March 24 had flu-like symptoms, the CDC says https://t.co/vbEUoa46kx",CNN,71
271,0.0,1.0,0.0,0.0,What Walmart doesn't get about #MeToo | By Melissa Blake via @CNNOpinion https://t.co/Qx7VSF4L4L https://t.co/JEArcd6uzl,CNN,72
272,-0.5267,0.794,0.206,0.0,A woman in Texas was sentenced to a five-year prison term for voting illegally in the 2016 presidential election wh‚Ä¶ https://t.co/pWezjEjZIu,CNN,73
273,0.6808,0.781,0.0,0.219,"After almost two months, the US State Department has approved a visa for an Iranian man to come to the United State‚Ä¶ https://t.co/kPahAdXuXN",CNN,74
274,0.0,1.0,0.0,0.0,Former California governor and film star Arnold Schwarzenegger had open-heart surgery in California to replace a fa‚Ä¶ https://t.co/Nl5hsFytef,CNN,75
275,0.8074,0.717,0.0,0.283,"If President Trump makes good on his promise to get out of Syria ""very soon,"" one of the biggest winners will be Ru‚Ä¶ https://t.co/S7Ks0hQtf0",CNN,76
276,0.0516,0.714,0.136,0.15,A surprise change to teachers' pensions sparked protests in Kentucky's capital https://t.co/qt09vCyQUc https://t.co/Hj9NtUlNpN,CNN,77
277,0.0,1.0,0.0,0.0,He‚Äôs an algebra teacher in Oklahoma. And a bus driver. And a Little League umpire. And he drives for Uber and Lyft.‚Ä¶ https://t.co/6uwwfglQuq,CNN,78
278,-0.5994,0.822,0.178,0.0,"Stephon Clark was shot by Sacramento police eight times--six in his back--and his death was ""not instantaneous,"" ac‚Ä¶ https://t.co/OiG8VsUkc6",CNN,79
279,-0.802,0.714,0.286,0.0,"Austin's police chief now says he would label the bomber who killed two people and injured several others a ""domest‚Ä¶ https://t.co/WwTdiA5jrV",CNN,80
280,0.0,1.0,0.0,0.0,A group of Howard University students say they've taken control of the school's administration building in a protes‚Ä¶ https://t.co/36XrAvkJAH,CNN,81
281,-0.3182,0.881,0.119,0.0,Some African-American students from Marjory Stoneman Douglas High School say their voices have been ignored by the‚Ä¶ https://t.co/dDaMhW1lqi,CNN,82
282,0.0,1.0,0.0,0.0,A rare look inside North Korean leader Kim Jong Un's armored train https://t.co/96VupBQNee https://t.co/E7c3DzJmCn,CNN,83
283,0.3818,0.669,0.114,0.217,"""We're just scared of the water..."" Welcome to Martin County, Kentucky, where the tap water smells like diesel fuel‚Ä¶ https://t.co/9tfZV8cIWY",CNN,84
284,0.0,1.0,0.0,0.0,The Trump administration is quietly rewriting US immigration policy through a series of small moves that add up to‚Ä¶ https://t.co/YBXTLdOTlg,CNN,85
285,-0.7964,0.651,0.349,0.0,"Arkansas is trying to make Big Pharma pay for the opioid crisis, accusing drug manufacturers in a new lawsuit of in‚Ä¶ https://t.co/RGJDaMUOeY",CNN,86
286,0.296,0.798,0.069,0.133,"""She's only apologizing after a third of her advertisers pulled out,"" says Parkland survivor David Hogg, responding‚Ä¶ https://t.co/UNxGLzeuSk",CNN,87
287,0.0,1.0,0.0,0.0,The Trump administration will require visa applicants to submit five years of social media history https://t.co/M6qbYd6Uv1,CNN,88
288,0.0,1.0,0.0,0.0,Attorney Gloria Allred has withdrawn from representing Summer Zervos in her defamation suit against President Trump‚Ä¶ https://t.co/B5nHFIxFv8,CNN,89
289,-0.5859,0.814,0.186,0.0,"To critics who say she should ""go away"" after losing to Trump, Hillary Clinton says, ""they never said that to any m‚Ä¶ https://t.co/3RhjbE0NQh",CNN,90
290,0.128,0.933,0.0,0.067,"SpaceX launched another rocket on Friday, and this time it tried to land the $6 million nose cone into a giant seab‚Ä¶ https://t.co/NMBsh3OQuX",CNN,91
291,0.0,1.0,0.0,0.0,This Chinese space lab could plummet back to earth as early as Saturday https://t.co/ZSc6omLCy9 https://t.co/jgjCZ5IqQJ,CNN,92
292,-0.5574,0.825,0.175,0.0,"An off-duty police officer died Thursday in Kentucky after a man impersonating an officer shot him, police say‚Ä¶ https://t.co/20vfVWu5D6",CNN,93
293,-0.4019,0.886,0.114,0.0,"If you stand inside the world's quietest room for long enough, you start to hear your heartbeat. Then you lose your‚Ä¶ https://t.co/eBQKi8TPlh",CNN,94
294,-0.4588,0.842,0.158,0.0,This man spent more years behind bars than any other wrongfully imprisoned person in America https://t.co/L9pLu1Q6nL https://t.co/kf3WW43anM,CNN,95
295,0.2263,0.699,0.109,0.192,Mark Zuckerberg has disavowed an internal memo written by a top Facebook executive in 2016 that argued growth shoul‚Ä¶ https://t.co/rt6Orqn7NR,CNN,96
296,0.128,0.838,0.068,0.094,A Connecticut Democratic congresswoman is apologizing after she kept a top aide on her payroll for several months d‚Ä¶ https://t.co/rChtdK8tSk,CNN,97
297,0.0,1.0,0.0,0.0,"Russia released video footage Friday of a test launch of its new ""Satan 2"" intercontinental ballistic missile‚Ä¶ https://t.co/Ac0UqHuxfd",CNN,98
298,0.4847,0.828,0.0,0.172,"JUST IN: Noor Salman, the widow of the Pulse nightclub gunman, was found not guilty of charges in connection with h‚Ä¶ https://t.co/LeDjGXUeP1",CNN,99
299,-0.8207,0.531,0.378,0.091,"At least eight Palestinians were killed and more than 1,000 injured in confrontations with Israeli security forces‚Ä¶ https://t.co/dnAn5jY4N3",CNN,100
300,0.5106,0.732,0.0,0.268,Appeals court strips angler of $2.8M fishing contest prize https://t.co/1u26KCuZdn,Fox News,1
301,0.6739,0.789,0.0,0.211,"PURE JOY: A wheelchair swing was recently installed in a Fort Smith, Arkansas, park, and this young boy's reaction‚Ä¶ https://t.co/9jFmxnvsJ6",Fox News,2
302,-0.5574,0.735,0.265,0.0,"Horse named after Patriots' Rob Gronkowski to run Kentucky Derby
https://t.co/HRo9DChVpg",Fox News,3
303,0.0,1.0,0.0,0.0,"Earlier, @FLOTUS visited with children at the Palm Beach Children's Hospital at the St. Mary's Medical Center. https://t.co/6DzMyQuXQQ",Fox News,4
304,0.4939,0.814,0.0,0.186,"On @OutnumberedFNC, @davidwebbshow praised President @realDonaldTrump's renewed calls for a wall on the nation's so‚Ä¶ https://t.co/0e62YEYegh",Fox News,5
305,0.1027,0.745,0.117,0.138,.@kayleighmcenany Clashes With Dem Strategist: 'Breathtaking' That You Give Trump No Credit on N. Korea https://t.co/jFcFum5VkF,Fox News,6
306,-0.296,0.804,0.196,0.0,.@HillaryClinton: No one tells a man to go away. https://t.co/VGn9BcoKnF https://t.co/jzkoddIsMn,Fox News,7
307,0.9349,0.397,0.0,0.603,"""Happy Passover, Happy Easter...and God Bless America""
On Good Friday, President @realDonaldTrump wished Americans‚Ä¶ https://t.co/fMcCbfhiTR",Fox News,8
308,0.4939,0.775,0.0,0.225,"On @foxandfriends, @cvpayne praised President @realDonaldTrump's handling of the economy. https://t.co/8wTbxSgy9z https://t.co/5IN1CW3rJl",Fox News,9
309,0.1779,0.576,0.187,0.237,Pilot kisses ground after emergency landing in Florida https://t.co/YvYHKYRUio https://t.co/XIy4Oe0R6j,Fox News,10
310,0.0,1.0,0.0,0.0,"Sheriff A.J. Louderback: ""We're a nation of laws, and Texas sheriffs and sheriffs across this country are here to s‚Ä¶ https://t.co/VrPRbKwbY5",Fox News,11
311,0.4404,0.775,0.0,0.225,"California homeowner says she won't sell to Trump supporters: report
https://t.co/Rmup0G8fzE",Fox News,12
312,0.0,1.0,0.0,0.0,.@DNC exec: Repeal 2nd Amendment. https://t.co/C3Rig1y6No,Fox News,13
313,0.0,1.0,0.0,0.0,"Stephen Colbert 'apologizes' to Trump, calls out CNN for 'lies' https://t.co/t5y71Bv1TY",Fox News,14
314,0.0,1.0,0.0,0.0,Man dies from too much anti-diarrhea medication https://t.co/tvGwxFtPYt,Fox News,15
315,-0.34,0.854,0.146,0.0,Actor @RealJamesWoods took to Twitter to denounce calls for repealing the Second Amendment. https://t.co/YOlWc6pbip https://t.co/LPtOVjnWnK,Fox News,16
316,-0.7096,0.604,0.396,0.0,Democratic lawmaker asked to resign over reports of harassment 'coverup' https://t.co/uBkCKNKtPY,Fox News,17
317,0.0,1.0,0.0,0.0,".@KellyannePolls: ""@HillaryClinton is still talking about her and an election that happened a year and a half ago."" https://t.co/JZJWk1pqcm",Fox News,18
318,0.4019,0.863,0.0,0.137,.@RepGoodlatte on what he believes it would take for AG Jeff Sessions to appoint a second special counsel‚Ä¶ https://t.co/TruUCcGvzv,Fox News,19
319,0.1027,0.714,0.132,0.154,WATCH: Missouri firefighters saved a cat that wasn't moving after a house fire in St. Louis. https://t.co/G8dT4oBmFu,Fox News,20
320,0.5267,0.805,0.0,0.195,#Trump Answers Boy Seeking Kidney for Father: 'You're a Brave Young Man With a Big Heart' https://t.co/OrCRkaBSiM,Fox News,21
321,-0.25,0.875,0.125,0.0,Chef who carved meat during animal rights protest says he 'just kind of snapped' https://t.co/WCgHbps2Hw,Fox News,22
322,-0.4939,0.824,0.176,0.0,.@GeraldoRivera: ‚ÄúI fear when history starts being rewritten constantly through the prism of political correctness‚Ä¶ https://t.co/cZqnIOAIhi,Fox News,23
323,-0.2732,0.852,0.099,0.049,".@AreuCathy: ""I think all of us can relate to [#Roseanne] no matter what coast or middle state we're living in.""‚Ä¶ https://t.co/SRN8rmM0bu",Fox News,24
324,0.0,1.0,0.0,0.0,"#Roseanne revival scores renewal at ABC, report says https://t.co/0FoqcwxvSr",Fox News,25
325,0.0,1.0,0.0,0.0,.@dbongino: ‚ÄúThe Democrats are out of ideas in the legislative and policy realm.‚Äù @IngrahamAngle https://t.co/GwcBbr5eHs,Fox News,26
326,-0.25,0.818,0.182,0.0,2 alleged spies among Russians expelled by US are ID'd https://t.co/wcYIufKgkK,Fox News,27
327,0.5106,0.732,0.0,0.268,Appeals court strips angler of $2.8M fishing contest prize https://t.co/oQqlFvqo6L,Fox News,28
328,-0.296,0.896,0.104,0.0,"Tony Tata on @POTUS' actions on Russia: ""This is information warfare. This is two countries posturing for power in‚Ä¶ https://t.co/RKtu7zMd37",Fox News,29
329,0.128,0.766,0.105,0.129,".@LawrenceBJones3 on @HillaryClinton bashing critics: ""For far too long, the Democratic Party has operated off of i‚Ä¶ https://t.co/Ammcxe5rdw",Fox News,30
330,-0.7096,0.718,0.282,0.0,".@CharlesHurt on @HillaryClinton bashing critics: ""To hear her talk about what a traumatic event [losing the electi‚Ä¶ https://t.co/FcVYz5liKW",Fox News,31
331,0.0,1.0,0.0,0.0,".@GOPChairwoman on 2018 midterms: ""America's on the comeback and we cannot go back to the @SenSchumer-@NancyPelosi‚Ä¶ https://t.co/ICf5FNoVgp",Fox News,32
332,0.1189,0.767,0.105,0.128,".@GOPChairwoman on @HillaryClinton bashing critics: ""She's so willing to play the sexist card when in reality, she‚Ä¶ https://t.co/tCvMZzqiDx",Fox News,33
333,-0.5267,0.815,0.185,0.0,".@Dennis_Kucinich on sanctuary cities: ""There's a danger here of the federal government conscripting local and stat‚Ä¶ https://t.co/2uxii0n0je",Fox News,34
334,0.0772,0.933,0.0,0.067,".@edhenry on @POTUS' border wall: ""They're gonna build this brick by brick whether the Democrats want the president‚Ä¶ https://t.co/hs4O91jy4p",Fox News,35
335,-0.128,0.927,0.073,0.0,".@edhenry on 2018 midterms: ""This is gonna be a tough year for Republicans. A new president comes into power, the m‚Ä¶ https://t.co/7xJRqNPqVU",Fox News,36
336,-0.1174,0.807,0.107,0.085,"A top @CBP official pushed back Friday on reports that frontline border agents do not support @POTUS‚Äô border wall,‚Ä¶ https://t.co/tewChrtQcT",Fox News,37
337,0.0516,0.638,0.177,0.184,"Lenore Hawkins on credit card debt: ""[In] the last three months of 2017, consumers racked up credit card debt at a‚Ä¶ https://t.co/mZIbmbxDzZ",Fox News,38
338,0.0,1.0,0.0,0.0,".@SebGorka on extreme vetting: ""This is just common sense finally returning to government."" #FoxandFriends https://t.co/8Be6B0nUyc",Fox News,39
339,0.0,1.0,0.0,0.0,"Earlier, @FLOTUS visited with children at the Palm Beach Children's Hospital at the St. Mary's Medical Center. https://t.co/MN7GExNgYU",Fox News,40
340,-0.7717,0.621,0.379,0.0,"Police officers involved in Alton Sterling shooting, fired, suspended, police chief says https://t.co/o0LSpkPfhZ",Fox News,41
341,-0.1027,0.887,0.113,0.0,".@realDonaldTrump freezing Syria funds in signal of US pullback, report says https://t.co/qE1U8G22XM",Fox News,42
342,0.0,0.433,0.284,0.284,'No Justice Served': Pulse Nightclub Survivor Furious Over Acquittal of Gunman's Wife https://t.co/DqYTglAIdK,Fox News,43
343,-0.7096,0.604,0.396,0.0,Democratic lawmaker asked to resign over reports of harassment 'coverup' https://t.co/anZC0rqSuv,Fox News,44
344,-0.34,0.854,0.146,0.0,Actor @RealJamesWoods took to Twitter to denounce calls for repealing the Second Amendment. https://t.co/YOlWc67AqR https://t.co/nrZcx3TRqy,Fox News,45
345,-0.2732,0.851,0.149,0.0,Larry Nassar victim Rachael Denhollander discusses MSU‚Äôs mishandling of the case #TheStory https://t.co/3tTZ5wjtMR,Fox News,46
346,0.0,1.0,0.0,0.0,Woman gets 5 years for illegally voting in 2016 presidential election https://t.co/vCnPRImrjA,Fox News,47
347,0.0772,0.613,0.215,0.172,7-year-old boy with Tourette's makes powerful video to stop teasing from classmates https://t.co/Ic0iDhrXoh,Fox News,48
348,-0.1027,0.92,0.08,0.0,"Synthetic pot cases spike in Illinois, officials warn users may experience 'bleeding from eyes and ears' https://t.co/BzJBMp1IYE",Fox News,49
349,-0.34,0.833,0.167,0.0,Dem Senator Believes It's 'Likely' #Trump Will Attempt to Fire Robert Mueller https://t.co/qpTayTuApf,Fox News,50
350,-0.1027,0.887,0.113,0.0,"#Trump freezing Syria funds in signal of US pullback, report says https://t.co/EWk8DDDIbG",Fox News,51
351,0.0,1.0,0.0,0.0,Orange County Sheriff Jerry Demings on acquittal of Pulse gunman‚Äôs wife: ‚ÄúMy initial reaction was one of...disappoi‚Ä¶ https://t.co/jDlCppKuBg,Fox News,52
352,0.6124,0.792,0.0,0.208,"Tiara Parker, Pulse massacre survivor, reacts to acquittal of gunman‚Äôs wife: ‚ÄúI do feel like that there should be a‚Ä¶ https://t.co/mebTaPLI6r",Fox News,53
353,-0.119,0.517,0.228,0.255,"Cancer experts say coffee is safe, despite California's new warning label requirement https://t.co/BpKFFb7N5T",Fox News,54
354,0.0,1.0,0.0,0.0,".@agearan on extreme vetting: ""What makes it different is that it goes into the realm of social media. But visa app‚Ä¶ https://t.co/rGaDBRoiYH",Fox News,55
355,-0.5423,0.829,0.171,0.0,"In a new op-ed, @HeyTammyBruce talks about various California policies on immigration, crime and drugs that she say‚Ä¶ https://t.co/4cJUGN4cQA",Fox News,56
356,0.1027,0.814,0.081,0.105,.@RepGoodlatte on US Attorney's Probe: 'Sunlight Needs to Be Shone on Unbelievable Bias' Within FBI https://t.co/uYFal8c8DT,Fox News,57
357,0.0,1.0,0.0,0.0,Blue moon to light up sky ahead of Easter https://t.co/KtBmQ2QxsB,Fox News,58
358,-0.6249,0.773,0.227,0.0,.@KimStrassel: How Trump and the congressional GOP can undo the worst of the omnibus https://t.co/UPXt48jP8S,Fox News,59
359,0.0,1.0,0.0,0.0,".@pdoocy on @HillaryClinton: ""The 2016 Democratic nominee who once wrote a book called 'Living History' now wishes‚Ä¶ https://t.co/iEmEG624pT",Fox News,60
360,-0.25,0.818,0.182,0.0,2 alleged spies among Russians expelled by US are ID'd https://t.co/e8bPbnBbLB,Fox News,61
361,-0.296,0.804,0.196,0.0,RT @FoxBusiness: #BreakingNews: Snapchat cuts 7% of its workforce https://t.co/WK7IVchc1c,Fox News,62
362,-0.0772,0.674,0.169,0.157,".@GeraldoRivera: ‚ÄúBeing on the air the night Bin Laden was killed, when the announcement came, was the greatest nig‚Ä¶ https://t.co/7czqK94i0T",Fox News,63
363,0.0,1.0,0.0,0.0,Traditional wooden eggs in the Rose Garden of the @WhiteHouse commemorate the 140th annual White House Easter Egg R‚Ä¶ https://t.co/981lupbsXp,Fox News,64
364,0.0,1.0,0.0,0.0,"'Roseanne' revival scores renewal at ABC, report says https://t.co/sGzvdLcDQB",Fox News,65
365,0.6705,0.621,0.0,0.379,"Earlier, @FLOTUS tweeted wishing people happiness and health on #GoodFriday. https://t.co/Y6bBK58XPt",Fox News,66
366,0.0772,0.675,0.153,0.172,.@kimguilfoyle on @HillaryClinton‚Äôs comments at Rutgers University: ‚ÄúNobody likes a sore loser.‚Äù #TheFive‚Ä¶ https://t.co/2yvqNmSw1e,Fox News,67
367,0.6739,0.789,0.0,0.211,"PURE JOY: A wheelchair swing was recently installed in a Fort Smith, Arkansas, park, and this young boy's reaction‚Ä¶ https://t.co/4Q9f1vq5Nt",Fox News,68
368,-0.2415,0.735,0.158,0.107,OPINION: Don't blame @HillaryClinton -- ‚ÄòDear Madam President‚Äô makes more excuses for her election defeat https://t.co/2tNItksryJ,Fox News,69
369,-0.34,0.593,0.263,0.144,.@PMorici1: Trump's got it all wrong about Amazon https://t.co/F6M8x9ODAx,Fox News,70
370,-0.5106,0.583,0.417,0.0,Ohio woman shows no remorse in mugshot https://t.co/H160ohXgCf,Fox News,71
371,0.9349,0.397,0.0,0.603,"""Happy Passover, Happy Easter...and God Bless America""

On Good Friday, President @realDonaldTrump wished Americans‚Ä¶ https://t.co/WnDkpLfp9u",Fox News,72
372,0.6369,0.794,0.0,0.206,"RT @FoxNewsResearch: U.S. GDP ‚Üí 
- Last time:
‚Ä¢Annual growth hit 5% or higher: 1984
‚Ä¢Quarterly growth hit 5% or higher: 2014

[BEA] https:/‚Ä¶",Fox News,73
373,0.0,1.0,0.0,0.0,"Stephen Colbert 'apologizes' to @realDonaldTrump, calls out CNN for 'lies' https://t.co/r7rWWjvNws",Fox News,74
374,-0.4767,0.795,0.205,0.0,.@HeyTammyBruce: Poor California -- Democrats are turning the state into a major nightmare https://t.co/892OyaZaDE,Fox News,75
375,0.5719,0.748,0.0,0.252,ABC spin machine goes all in on 'Roseanne' pro-Trump success story https://t.co/OZOiN7wUQ2,Fox News,76
376,-0.34,0.833,0.167,0.0,Dem Senator Believes It's 'Likely' Trump Will Attempt to Fire Robert Mueller https://t.co/ACw4t3AWnG,Fox News,77
377,0.4588,0.833,0.0,0.167,Twin brothers in Michigan welcome newborns on the same day: 'It was destined to be' https://t.co/P5aDCcPaEB,Fox News,78
378,0.1027,0.745,0.117,0.138,.@kayleighmcenany Clashes With Dem Strategist: 'Breathtaking' That You Give @realDonaldTrump No Credit on North Kor‚Ä¶ https://t.co/pH23sUah5R,Fox News,79
379,0.0,1.0,0.0,0.0,"BREAKING: ‚ÄòViolent deportee‚Äô who escaped custody at JFK airport caught, reports say  https://t.co/xo0oRw4vpG",Fox News,80
380,-0.6369,0.826,0.174,0.0,".@RepMattGaetz on alleged FISA abuse: ""At the DOJ, they think that one of their own employees can investigate it. N‚Ä¶ https://t.co/STKNcq71E5",Fox News,81
381,0.296,0.833,0.0,0.167,"Arnold @Schwarzenegger says, 'I'm back,' listed as stable after heart surgery https://t.co/qZ5Zg2p6gq",Fox News,82
382,-0.7717,0.642,0.358,0.0,"SUNDAY, 8pm ET: The Civil War Begins on Episode 2 of 'Legends &amp; Lies' https://t.co/6wGQ8fn48g",Fox News,83
383,0.0,1.0,0.0,0.0,China's Tiangong-1 space lab set to fall to Earth: What to expect https://t.co/l3FyMUN4r6,Fox News,84
384,0.0,1.0,0.0,0.0,.@toddstarnes: School teacher instructs students to write anti-gun letters to Congress https://t.co/8m4cH9Nctb,Fox News,85
385,0.0,1.0,0.0,0.0,".@newtgingrich: ""Once in a while, Hollywood will make a movie that appeals to middle America that'll do amazingly w‚Ä¶ https://t.co/HAjWjD5a0Y",Fox News,86
386,0.3182,0.813,0.0,0.187,"Fore Putnam to President @realDonaldTrump: ""Please get my dad a kidney."" https://t.co/sdVtZ8r3aG",Fox News,87
387,-0.25,0.875,0.125,0.0,Chef who carved meat during animal rights protest says he 'just kind of snapped' https://t.co/kz1R7J8vvX,Fox News,88
388,0.0,1.0,0.0,0.0,"Man drinks $1,200 shot of whiskey, tries running out without paying tab  https://t.co/pLuImaCxcj",Fox News,89
389,0.0,1.0,0.0,0.0,".@AxiosNick on Russia probe: ""These leaks aren't coming from Mueller. Nothing comes out of Mueller's team. These ar‚Ä¶ https://t.co/t8PnvEsLM8",Fox News,90
390,-0.3818,0.684,0.192,0.124,Texas restaurant donates Friday profits to family of teen killed in hit-and-run: 'She had a heart of gold' https://t.co/x9nFOiXiag,Fox News,91
391,0.0,1.0,0.0,0.0,"Stephon Clark's independent autopsy results reveal he was shot seven times, official says https://t.co/LaP5ruTVyV",Fox News,92
392,0.0,1.0,0.0,0.0,"Alina Polyakova on Russia's missile test: ""I actually think the Trump administration has done quite a bit to send a‚Ä¶ https://t.co/SgCqOnbAY0",Fox News,93
393,0.0,1.0,0.0,0.0,"Alina Polyakova on Russia's missile test: ""We are in a downward spiral when it comes to U.S.-Russia relations. And‚Ä¶ https://t.co/JGczVbkjYe",Fox News,94
394,0.0772,0.902,0.0,0.098,"Boothe: Red State Democrats Want @HillaryClinton to 'Go Away,' GOP Does Not https://t.co/Ki0r8OKuOD",Fox News,95
395,0.7906,0.65,0.0,0.35,.@dennisrodman: I hope Kim Jong Un wears a 'Make America Great Again' hat after meeting Trump https://t.co/xJA67Q6XU7,Fox News,96
396,-0.0772,0.81,0.101,0.089,"RT @FoxBusiness: Outgoing Secretary of Veterans Affairs @SecShulkin claims he was seen ""as an obstacle to privatization who had to be remov‚Ä¶",Fox News,97
397,0.4019,0.67,0.117,0.212,Report: Trump Warned Putin That 'I'll Win' If We Have an Arms Race https://t.co/Mlc6rP9ciq,Fox News,98
398,0.0,1.0,0.0,0.0,".@RepGaramendi on @POTUS' infrastructure plan: ""We all know that if you can't move people, you can't move the econo‚Ä¶ https://t.co/rDXiw8eUrQ",Fox News,99
399,0.0,1.0,0.0,0.0,President @realDonaldTrump's infrastructure plan. #DailyBriefing https://t.co/YOlWc67AqR https://t.co/XZQNnMmQ36,Fox News,100
400,0.0,1.0,0.0,0.0,"There‚Äôs been talk of bankruptcy swirling around Gibson, the Nashville-based guitar company. What happened? https://t.co/DNgMSBZpwT",The New York Times,1
401,-0.296,0.879,0.121,0.0,A Russian man accused of hacking 3 American tech companies in 2012 has been extradited to the U.S. https://t.co/6bV8bpGhaw,The New York Times,2
402,-0.5994,0.811,0.189,0.0,"RT @nytimesarts: The pictures in this exhibition are a vivid indication of how Sally Mann turned her fears into art, our critic writes http‚Ä¶",The New York Times,3
403,-0.5106,0.717,0.204,0.079,"RT @ronlieber: That teacher with the student loan forgiveness problem I wrote about a few months back? The column fixed that problem, and t‚Ä¶",The New York Times,4
404,0.2013,0.645,0.121,0.234,"President Trump attacked Amazon, saying that it does not pay enough taxes and uses the United States postal system‚Ä¶ https://t.co/DhulEmxyAf",The New York Times,5
405,-0.4939,0.656,0.344,0.0,Judge Temporarily Stops U.S. From Blocking Undocumented Teenagers‚Äô Abortions https://t.co/9spkLwsskX,The New York Times,6
406,-0.765,0.602,0.398,0.0,Tesla Says Crashed Vehicle Had Been on Autopilot Before Fatal Accident https://t.co/ncu76CWMuV,The New York Times,7
407,-0.296,0.82,0.18,0.0,What You Might Have Missed: 10 Weekend Reads From Opinion https://t.co/YUFD15bm6i,The New York Times,8
408,-0.3818,0.833,0.167,0.0,UConn Is Upset by Notre Dame in OT in the Women‚Äôs Final Four https://t.co/03MAnmcJ8R,The New York Times,9
409,0.0,1.0,0.0,0.0,"At your fingertips: The many sides of David Bowie. 

He was a musician, actor, painter, fashion pioneer ‚Äî and never‚Ä¶ https://t.co/U1uY2wWw1e",The New York Times,10
410,-0.7906,0.5,0.5,0.0,Anguished Mourners Beg for Answers After Jail Fire in Venezuela https://t.co/2r7EZrE3md,The New York Times,11
411,-0.34,0.714,0.286,0.0,Vermont Legislature Passes Sweeping Gun Restrictions https://t.co/gb9ESCMdEx,The New York Times,12
412,-0.1027,0.903,0.097,0.0,"U.S. Says It Can Pay for 100 Miles of Wall on 2,000-Mile Border https://t.co/MKwcvEdkUk",The New York Times,13
413,0.3612,0.898,0.0,0.102,"Tesla once looked like the future of the car industry. But as it burns cash and hits production snags, its own futu‚Ä¶ https://t.co/Oqk8bdC0TO",The New York Times,14
414,-0.4404,0.879,0.121,0.0,Today‚Äôs teens have been raised on cellphones and social media. Should we worry about them or just get out of their‚Ä¶ https://t.co/Qam8493mzr,The New York Times,15
415,-0.7149,0.668,0.332,0.0,Does Hell Exist? And Did the Pope Give an Answer? https://t.co/kiElN9S4sq,The New York Times,16
416,0.7869,0.71,0.0,0.29,"Sister Jean‚Äôs prayers are anything but bipartisan. ‚ÄúI ask God to be especially good to Loyola,‚Äù she said. https://t.co/bwaEasEsPc",The New York Times,17
417,0.34,0.815,0.0,0.185,"In Opinion

Bret Stephens accepted Michelle Goldberg's open challenge to debate whether Kevin Williamson's views ar‚Ä¶ https://t.co/ZofSzvmvzS",The New York Times,18
418,0.2732,0.84,0.0,0.16,"Scott Pruitt, E.P.A. Chief, Rented Residence From Wife of Energy Lobbyist https://t.co/0CKCCXNnmE",The New York Times,19
419,0.0,1.0,0.0,0.0,"In Opinion

Michelle Goldberg says that Kevin Williamson's views about African-Americans, women, trans people and t‚Ä¶ https://t.co/HiOQXuS0WU",The New York Times,20
420,0.0,1.0,0.0,0.0,Police Release New Body Camera Footage of Alton Sterling Shooting https://t.co/Lt5SNXzKsn,The New York Times,21
421,-0.2247,0.9,0.1,0.0,A more aggressive Russia policy is being pushed by some Trump advisers after this week's diplomatic expulsions. Pre‚Ä¶ https://t.co/eR58DMCzP4,The New York Times,22
422,0.0,1.0,0.0,0.0,"""We‚Äôll be here as long as it takes to get our demands met."" https://t.co/iSEdrUD7PC",The New York Times,23
423,-0.3612,0.8,0.2,0.0,Albany Strikes Deal on a Budget That Subverts Trump‚Äôs Tax Plan https://t.co/GZXgS4UGF0,The New York Times,24
424,-0.8316,0.658,0.342,0.0,"Andrew Bosworth, a Facebook vice president, wrote, ‚ÄúMaybe someone dies in a terrorist attack coordinated on our too‚Ä¶ https://t.co/57UwrRVuh5",The New York Times,25
425,0.5106,0.752,0.0,0.248,"Bar Americans From Man Booker Prize, Fed-Up British Authors Urge https://t.co/71d5rFUj4L",The New York Times,26
426,0.802,0.745,0.0,0.255,"RT @nytimesarts: ‚ÄúKing of Kings,‚Äù ‚ÄúThe Greatest Story Ever Told,‚Äù ‚ÄúThe Passion of the Christ‚Äù ‚Äî and other sort-of Easter movies to stream h‚Ä¶",The New York Times,27
427,0.0,1.0,0.0,0.0,"RT @NirajC: This week, a cryptocurrency company funded every classroom project on @DonorsChoose. https://t.co/W9hns5LcUf",The New York Times,28
428,0.3182,0.813,0.0,0.187,Walmart in Talks to Strengthen Ties to Health Insurer Humana https://t.co/bUhlWHpziI,The New York Times,29
429,0.5859,0.833,0.0,0.167,"""There's a lot about this country we need to learn a lot more about."" How President Trump's win shifted ABC's plans‚Ä¶ https://t.co/v4hhGN3ui5",The New York Times,30
430,-0.3182,0.839,0.161,0.0,"Fiction: Brainy and Benighted, Lost in the Books of Bola√±o and Borges https://t.co/TzJz6yZlkY",The New York Times,31
431,0.0,1.0,0.0,0.0,The tech industry was once one of President Trump's most vocal opponents.  Now it has increasingly found common gro‚Ä¶ https://t.co/fETU5Ha4Ba,The New York Times,32
432,0.25,0.567,0.165,0.268,She was fit and healthy. So why did her right lung mysteriously collapse? https://t.co/cDamzO81ZG,The New York Times,33
433,0.0,1.0,0.0,0.0,"If the addition of a citizenship question to the 2020 census reduces participation of noncitizens, here are the sta‚Ä¶ https://t.co/VU2mtnAVvF",The New York Times,34
434,0.0,1.0,0.0,0.0,"RT @abscribe: After #Harvey pounded Texas, a @nytimes team of journalists spent time with families to understand how they made a decision t‚Ä¶",The New York Times,35
435,-0.7096,0.772,0.228,0.0,"The fatal police shooting of Alton Sterling in 2016 has led to the firing of one Baton Rouge, La., officer. Another‚Ä¶ https://t.co/DJpNOco0Sn",The New York Times,36
436,0.2675,0.723,0.119,0.158,RT @nytclimate: You shouldn't pass over this excellent story about drought and famine in ancient Egypt: a timeless tale of failing to adapt‚Ä¶,The New York Times,37
437,-0.6705,0.836,0.164,0.0,Amia Tyrae is at least the 7th transgender woman killed in the U.S. this year. She ‚Äúwas taken away in the very mann‚Ä¶ https://t.co/3uIKUiquso,The New York Times,38
438,0.0,1.0,0.0,0.0,The Metropolitan Opera is presenting a new opera for babies between between 6 months old and 18 months old https://t.co/e2eFUDFUYC,The New York Times,39
439,-0.1531,0.625,0.179,0.196,RT @nytfood: Remember Balducci's? The man credited with creating the gastronomic mecca is dead at 92 https://t.co/QWJz32P7Y8 https://t.co/O‚Ä¶,The New York Times,40
440,0.336,0.883,0.0,0.117,"The Man Booker is Britain‚Äôs most prestigious literary award, but for the past 2 years, American writers have domina‚Ä¶ https://t.co/FISkVSO6kv",The New York Times,41
441,-0.5994,0.745,0.204,0.051,"""I want to die over there, not here."" The New York Times joined an elderly couple on a bittersweet journey home to‚Ä¶ https://t.co/DRsP7fwudW",The New York Times,42
442,-0.4404,0.879,0.121,0.0,Today‚Äôs teens have been raised on cellphones and social media. Should we worry about them or just get out of their‚Ä¶ https://t.co/uxlQbv3xDN,The New York Times,43
443,-0.4939,0.856,0.144,0.0,"RT @nytfood: We have recipes for Passover, Easter and the weekend. (And a suggestion for April Fools' Day: Make a cherry cola-chocolate-may‚Ä¶",The New York Times,44
444,0.6369,0.802,0.0,0.198,"The sordid love affair between Elizabeth Taylor and Richard Burton during ""Cleopatra"" is now an onstage drama https://t.co/ioZrmQLekP",The New York Times,45
445,0.5859,0.745,0.0,0.255,"RT @nytopinion: In Memphis, Martin Luther King's dream of income equality remains far from fulfilled https://t.co/8hy3fxZYyS",The New York Times,46
446,0.0,1.0,0.0,0.0,"RT @nytimesworld: ‚ÄúAt the airport in Bucharest, I was surrounded by customs officials. They said, ‚ÄòYou‚Äôre dead,‚Äô ‚Äù he recalled with disbeli‚Ä¶",The New York Times,47
447,0.0,1.0,0.0,0.0,How Ta-Nehisi Coates‚Äôs deeply personal ‚ÄúBetween the World and Me‚Äù was adapted into a stage performance at the Apollo https://t.co/OtttIFqRmu,The New York Times,48
448,0.0,1.0,0.0,0.0,‚ÄúRoseanne‚Äù is going to be here for a while. The revived sitcom is getting a second season. https://t.co/U99w72y13Z,The New York Times,49
449,0.0,1.0,0.0,0.0,RT @nytimesarts: Netflix enters its teenage phase https://t.co/3Bu8BbznHn,The New York Times,50
450,0.0,1.0,0.0,0.0,A Census Bureau panel of expert advisers on Friday rebuked the Trump administration‚Äôs decision to add a question on‚Ä¶ https://t.co/21aW2YW6Bm,The New York Times,51
451,0.7269,0.747,0.0,0.253,Maguire University has attended every Final Four weekend since 1963. Which is pretty good when one considers the sc‚Ä¶ https://t.co/SvVmqL4sz4,The New York Times,52
452,0.0,1.0,0.0,0.0,Nearly all applicants for a visa to enter the U.S. will be asked to submit their social-media user names for the pa‚Ä¶ https://t.co/CUnQHxELzC,The New York Times,53
453,-0.4767,0.876,0.124,0.0,It currently takes 250 days to get an interview with the U.S. visa section in Russia. That will only get worse with‚Ä¶ https://t.co/FcyA6lDsN2,The New York Times,54
454,0.2682,0.775,0.088,0.137,"RT @nytimesarts: Many scholars think Bach was a forward-looking, quasi-scientific thinker who had little or no genuine interest in traditio‚Ä¶",The New York Times,55
455,0.0,1.0,0.0,0.0,The founder of a crowdfunding website for school projects emailed the CEO of a cryptocurrency company with a propos‚Ä¶ https://t.co/KvayQou55W,The New York Times,56
456,0.0,1.0,0.0,0.0,"On the morning after the 2016 election, a group of ABC executives gathered to discuss what the Trump victory meant‚Ä¶ https://t.co/cO0CDuBrUH",The New York Times,57
457,0.0,1.0,0.0,0.0,An earlier tweet to an earlier version of this story was deleted. It should have clarified that Mr. Clark was shot‚Ä¶ https://t.co/PPWn2biVex,The New York Times,58
458,-0.2263,0.905,0.095,0.0,"Stephon Clark, the unarmed man who was shot by Sacramento police in his grandmother‚Äôs backyard, sparking protests t‚Ä¶ https://t.co/J5dy6mSFu4",The New York Times,59
459,0.0,1.0,0.0,0.0,"RT @jdelreal: NEWS: Stephon Clark‚Äôs family commissioned an independent autopsy, which found he was shot eight times from the back and side.‚Ä¶",The New York Times,60
460,0.0,1.0,0.0,0.0,"These frogs ""used to be so abundant that you could barely walk without stepping on them."" Then came the fungus. https://t.co/rm6OwCEMmI",The New York Times,61
461,0.0,1.0,0.0,0.0,"What NYT readers said about Roseanne Barr and the ""Roseanne"" reboot https://t.co/8mUPBy7N0R",The New York Times,62
462,0.4168,0.866,0.0,0.134,‚ÄúThis independent autopsy affirms that Stephon was not a threat to police and was slain in another senseless police‚Ä¶ https://t.co/dL42DtERsy,The New York Times,63
463,0.1779,0.809,0.081,0.111,"RT @tarangoNYT: Long before police shootings and protests in Ferguson, Mo., or Sacramento focused America‚Äôs attention on how the police tre‚Ä¶",The New York Times,64
464,0.0,1.0,0.0,0.0,@FrancesRobles Here's a link to the story: https://t.co/uLMTY95a3a,The New York Times,65
465,0.3034,0.904,0.0,0.096,"RT @FrancesRobles: EXCLUSIVE: New York Times has learned that Stephon Clark was shot eight times from behind or side, according to a privat‚Ä¶",The New York Times,66
466,0.0,1.0,0.0,0.0,"RT @NYTStyles: Nicole Parasina Basile wasn‚Äôt looking for a husband when she moved to Crown Heights, Brooklyn, in 2010, but that‚Äôs exactly w‚Ä¶",The New York Times,67
467,-0.34,0.772,0.158,0.07,"RT @nytimesworld: No other country was as efficient at killing its Jews as Lithuania, where not only did 96 percent perish, but the victims‚Ä¶",The New York Times,68
468,0.6597,0.779,0.0,0.221,The real marvel of Mexico‚Äôs avocado trade is not so much its size as the speed of its sudden growth https://t.co/mMDHpdM624,The New York Times,69
469,0.3182,0.892,0.0,0.108,The IRS is urging people to do a ‚Äúpaycheck checkup‚Äù to make sure they're having their employers withhold the correc‚Ä¶ https://t.co/kBwBqM5sgB,The New York Times,70
470,0.4767,0.871,0.0,0.129,"RT @nytimesarts: Kate Mara on her new movie ‚ÄúChappaquiddick‚Äù: ‚ÄúLike a lot of people, I‚Äôm fascinated with the Kennedys and their history and‚Ä¶",The New York Times,71
471,0.6124,0.818,0.0,0.182,"RT @NYTStyles: The Wing is under investigation for discrimination, but honestly ... that's only gotten it more press. https://t.co/uHGB7sVY‚Ä¶",The New York Times,72
472,0.2732,0.89,0.0,0.11,"In college basketball, Catholic schools have long punched well above their weight. The reasons stretch back a centu‚Ä¶ https://t.co/wJkwuvDZRS",The New York Times,73
473,-0.4215,0.859,0.141,0.0,"RT @dgelles: Cash may be king, but it's no longer essential. 

I've gone cashless. My essay here: 
https://t.co/laHrQD9j1F",The New York Times,74
474,0.0,1.0,0.0,0.0,The midterm elections will determine the political script for the rest of President Trump‚Äôs first term. And Pennsyl‚Ä¶ https://t.co/ZpZGFxjunA,The New York Times,75
475,-0.0516,0.943,0.057,0.0,"Puerto Ricans are trickling back to the island. They must come to terms with a Puerto Rico that is still crippled,‚Ä¶ https://t.co/Wml9x3rYyw",The New York Times,76
476,0.4404,0.828,0.0,0.172,Hope Hicks has left the building. Those who remain are wondering what happens now. https://t.co/ds3NJlS4i8,The New York Times,77
477,0.2263,0.773,0.092,0.135,"In Opinion

Alex Wagner writes: ""Racially speaking, the United States is 0% Hispanic. This is confusing ‚Äî especiall‚Ä¶ https://t.co/kzJaxIOguf",The New York Times,78
478,-0.7783,0.702,0.298,0.0,A California judge‚Äôs ruling would require cancer warning labels on coffee. The coffee industry is considering how t‚Ä¶ https://t.co/1GJ1f9b3Mj,The New York Times,79
479,-0.3818,0.867,0.133,0.0,"""That‚Äôs how I ended up losing my virginity on a fourth date with a middle-school teacher that I didn‚Äôt even particu‚Ä¶ https://t.co/Dk0vk6HRT2",The New York Times,80
480,-0.1779,0.664,0.203,0.133,Breaking News: What was billed as a peaceful protest along Gaza's border with Israel turned bloody. The Israeli mil‚Ä¶ https://t.co/RVW9kEuN82,The New York Times,81
481,0.0,1.0,0.0,0.0,"There‚Äôs been talk of bankruptcy swirling around Gibson, the Nashville-based guitar company. What happened? https://t.co/cOVKNf2Wbm",The New York Times,82
482,-0.296,0.879,0.121,0.0,A Russian man accused of hacking 3 American tech companies in 2012 has been extradited to the U.S. https://t.co/MnltMkO1Oe,The New York Times,83
483,-0.5994,0.776,0.224,0.0,"RT @jodikantor: Six months ago, @ronlieber wrote about teachers and firefighters being seriously screwed by a government student loan progr‚Ä¶",The New York Times,84
484,0.0,1.0,0.0,0.0,"Another week, another news quiz. Tell us how you did. https://t.co/buvo5zeiKz",The New York Times,85
485,-0.2411,0.897,0.103,0.0,"President Trump insisted he will never again sign a huge catchall spending bill. Given the state of Congress,‚Ä¶ https://t.co/Ov68bYiDwD",The New York Times,86
486,-0.4404,0.861,0.139,0.0,Exxon sued to try to block investigations into its research and public statements about climate change. A judge dis‚Ä¶ https://t.co/uFOMCdotBj,The New York Times,87
487,0.1139,0.818,0.081,0.1,"Breaking News: Noor Salman, the widow of the Pulse nightclub shooter, was found not guilty of helping her husband c‚Ä¶ https://t.co/O1tNykTV7B",The New York Times,88
488,0.4215,0.872,0.0,0.128,"By tying a trade deal with South Korea to progress in denuclearizing North Korea, President Trump is showing how li‚Ä¶ https://t.co/IfnzE5hDEO",The New York Times,89
489,-0.5849,0.853,0.147,0.0,RT @UpshotNYT: Does more immigration mean more crime? In collaboration with the @MarshallProj we look at the data behind this widely held i‚Ä¶,The New York Times,90
490,0.0,1.0,0.0,0.0,Why do cracking knuckles make that sound? You might need a calculator to explain it. https://t.co/YpjnR3SXN2,The New York Times,91
491,0.296,0.855,0.0,0.145,5 times David Pecker and The National Enquirer have defended or championed President Trump https://t.co/1BQX7SYOm5,The New York Times,92
492,0.25,0.857,0.0,0.143,RT @PatriciaMazzei: BREAKING: Jury in Salman trial has reached a verdict. It will be announced in court in about 30 minutes.,The New York Times,93
493,0.25,0.913,0.0,0.087,"RT @nytimesworld: ‚ÄúWe‚Äôll probably hold that deal up for a little while, see how it all plays out.‚Äù‚ÄîPresident Trump on his recently announce‚Ä¶",The New York Times,94
494,0.3818,0.719,0.094,0.187,RT @nhannahjones: I went on The Daily with @mikiebarb today to discuss Linda Brown and the continuing fight to fulfill the promise of landm‚Ä¶,The New York Times,95
495,-0.7906,0.709,0.247,0.044,"‚ÄúI want to die over there, not here,‚Äù said Enrique, lying on the hotel bed, a scar from one of his many surgeries v‚Ä¶ https://t.co/KNpdOHhDJW",The New York Times,96
496,0.0,1.0,0.0,0.0,RT @nytimesworld: Couples in Denmark can obtain a divorce in less than a week. The government is trying to make breaking up a little a hard‚Ä¶,The New York Times,97
497,0.0,1.0,0.0,0.0,The tech industry was once one of President Trump's most vocal opponents.  Now it has increasingly found common gro‚Ä¶ https://t.co/TAjx9fZATB,The New York Times,98
498,0.0,1.0,0.0,0.0,"Thousands of asylum seekers remain stranded on the Greek island of Lesbos, unwilling to go back to the countries th‚Ä¶ https://t.co/LrxHQuWlTN",The New York Times,99
499,-0.7096,0.707,0.233,0.06,"RT @peterbakernyt: Trump's attacks on Amazon are often set off by his anger at stories in the @washingtonpost, also owned by Bezos, associa‚Ä¶",The New York Times,100
